-8.005711,0.2852342,25.03342
-5.432529,-0.5865315,17.10232
-5.249146,0.1671933,17.63225
-4.431671,0.629634,15.09912
-8.680004,0.2860834,27.12829
-5.991604,-0.6521751,18.84195
-4.556103,0.1438637,15.22174
-2.52356,1.953731,17.72893
-1.676089,1.632132,11.74805
-8.720443,0.2324613,27.17956
-6.219552,-0.7147801,19.50079
-4.490715,0.1121873,14.96006
-3.886254,0.5042585,13.10779
-1.639215,1.107923,7.861286
-2.519819,1.905691,17.60526
-8.570127,0.2461821,26.68092
-6.096719,-0.6867724,19.09043
-3.800246,0.5011582,12.80528
-8.408337,0.2436043,26.1631
-5.864588,-0.6580684,18.35274
-3.823339,0.5044816,12.8755
-8.211827,0.230623,25.49811
-5.701837,-0.6376328,17.80515
-3.74559,0.4948817,12.61943
-8.179782,0.2393827,25.36823
-5.742043,-0.6346604,17.90843
-3.74559,0.4990536,12.60345
-7.938775,0.2417125,24.58147
-5.776037,-0.6310785,17.98296
-3.714495,0.4987447,12.47793
-7.612102,0.2199654,23.55416
-5.398891,-0.5969596,16.7992
-3.694834,0.4891107,12.40265
-7.279619,0.2097618,22.61735
-5.06205,-0.5487043,15.81254
-3.640758,0.4896028,12.24543
-0.05145643,-0.2288496,0.2642949
-7.196662,0.2011093,22.34669
-4.967649,-0.5422099,15.50938
-3.650915,0.4869944,12.27166
-0.05090905,-0.2275019,0.2632734
0.03325991,0.009430645,0.2240249
0.04338098,-0.01782081,0.2255096
-7.004201,0.1971654,21.73658
-4.814379,-0.5238909,15.023
-0.05296579,-0.2149663,0.2675936
-3.652009,0.4872271,12.26696
0.03790877,-0.01240986,0.2246481
-0.05088889,-0.2276731,0.2633513
0.0333039,0.009411025,0.2239878
0.04342474,-0.0178382,0.225461
-6.674696,0.1883636,20.70759
-4.372849,-0.473886,13.6448
-0.05325476,-0.2158752,0.2687122
-3.46489,0.4633408,11.63656
0.03795327,-0.01244907,0.224749
-0.05973415,-0.221006,0.2687115
-0.05099503,-0.2281238,0.263826
0.06361677,-0.1632211,0.2056505
0.03332944,0.009386533,0.2241062
0.04345062,-0.01785396,0.2254497
-6.194956,0.2067095,19.30416
-3.77821,-0.3890603,11.84658
-0.05391942,-0.2177097,0.2711003
0.03798016,-0.01250265,0.2250016
-0.0513209,-0.2291197,0.2650193
0.06369946,-0.163285,0.2057836
0.03317714,0.009190843,0.224209
0.04339166,-0.01772842,0.2252055
-6.166495,0.2047287,19.2053
-3.756507,-0.3871049,11.77235
-3.11884,0.4288538,10.55496
0.03786393,-0.0125562,0.2249308
-0.0519345,-0.2314398,0.2664936
0.06382977,-0.1636951,0.2060716
0.01533341,0.01498683,0.2321912
0.03332321,0.009295799,0.2239642
0.04353615,-0.01762219,0.2249424
-6.009218,0.1979869,18.71544
-3.638583,-0.3755876,11.40343
-0.05515765,-0.2212947,0.2733797
-3.05005,0.4188484,10.32279
0.03800841,-0.01244075,0.2245921
-0.06167429,-0.2264959,0.2739233
-0.0518302,-0.2314253,0.2663229
0.06394704,-0.1643738,0.206906
-1.993459,-1.073007,16.41569
-3.998236,0.5761877,13.42321
-1.992297,-1.06036,16.40465
-1.21269,0.2121118,8.240131
-4.011078,0.583216,13.47586
-1.167318,0.2095143,7.93352
-4.009466,0.5921233,13.46283
-4.024511,0.5938988,13.50889
-1.94529,-1.058948,16.21312
-4.052826,0.5998825,13.60007
-1.94661,-1.058008,16.20942
-1.000926,0.1651554,6.841871
-4.089641,0.6086032,13.70864
-1.944926,-1.053531,16.18477
-1.006499,0.1670819,6.874255
-1.938186,-1.049363,16.12666
-0.9971027,0.1656995,6.811054
-1.937423,-1.072773,16.06372
-0.9882829,0.1631503,6.767066
-1.938187,-1.078493,16.06398
-1.938204,-1.080523,16.06498
-1.976093,-1.059939,16.08949
-8.807099,3.767836,15.83794
-8.473999,3.652513,15.24098
0.04621113,0.03696751,0.2308169
0.05779385,0.04128893,0.2409979
0.03150353,-0.2048843,0.2021889
0.0583803,0.03082743,0.2427937
0.04059611,-0.2088634,0.2066744
0.03798262,-0.2073528,0.1967842
0.06540764,-0.14315,0.2229886
0.05056194,-0.008384789,0.2237036
0.05080416,-0.2093932,0.2105468
-0.05513604,-0.2088928,0.2792657
0.04642797,0.03687618,0.2306035
0.05758256,0.04123541,0.2430161
0.07066935,-0.1154171,0.2354312
0.05836022,0.0308403,0.2426047
0.04034696,-0.209028,0.20678
0.03786653,-0.2072586,0.1966051
0.06525503,-0.1431959,0.2229694
0.05034974,-0.008388761,0.2239737
0.05060327,-0.2094762,0.2105586
-0.05527306,-0.2087872,0.2791415
0.04626954,0.03689208,0.2308289
0.03571091,0.02931578,0.2255307
0.04668221,0.003692136,0.2257754
0.06723792,-0.1377078,0.2216094
0.01076031,0.001443487,0.2232282
-0.3097267,-0.2059738,0.6893341
0.05749868,0.04127609,0.2430338
0.07045148,-0.1155794,0.2356909
0.03706302,0.0174054,0.2248636
0.06297307,-0.157375,0.2179453
0.06480599,-0.1434491,0.2235238
0.04960802,-0.008373411,0.2252347
-0.05540039,-0.2085258,0.2788506
0.0668863,-0.1382119,0.2229571
0.01040341,0.001329985,0.2235786
-0.3046839,-0.2033513,0.6806641
0.06981423,-0.1160792,0.2369574
-0.3151579,-0.2118363,0.7055269
0.03672733,0.01748419,0.2249459
0.06258137,-0.1574389,0.2181592
0.0661409,-0.1381377,0.2230263
0.03635322,0.01751255,0.2243059
0.03516263,-0.008140193,0.2235601
-0.05929628,-0.2118199,0.2841901
0.06605672,-0.1380616,0.2229965
0.01022832,0.001318193,0.2224295
0.03621329,0.01752665,0.2243737
0.03551733,-0.008080608,0.2225751
0.01094595,0.01404807,0.2247706
0.04781508,-0.008293648,0.2304832
-0.05914941,-0.2118245,0.2843788
0.06615062,-0.1381947,0.2232226
0.01050909,0.001279373,0.2222666
0.03603841,-0.007604781,0.2224261
0.06926516,-0.1400025,0.2389292
-0.4403076,0.05802664,0.6028587
0.04782095,-0.008312185,0.2303768
-0.05918051,-0.2119106,0.2844198
0.06613946,-0.1382593,0.223374
0.01049151,0.00142373,0.2226637
0.03648005,0.01799469,0.2251493
0.03598605,-0.007603997,0.2224189
0.02919163,-0.002068425,0.224256
0.04759043,-0.008404803,0.2301252
-0.05916674,-0.2119713,0.2841853
0.066014,-0.138214,0.2228831
0.01022039,0.001417805,0.2221763
0.03616731,0.01792414,0.2249607
0.03569987,-0.007678879,0.2222282
0.04687864,-0.008042088,0.2296392
-0.05985825,-0.2119376,0.2840804
0.06556814,-0.1382294,0.2227946
0.009675145,0.001430119,0.2220787
0.03559248,0.0178952,0.2249229
0.03516197,-0.007711162,0.2221537
0.04700607,-0.008044474,0.229601
-0.05980588,-0.2119507,0.2840396
0.06549986,-0.1382249,0.222717
0.009426132,0.001438895,0.2223295
0.03520038,0.01787382,0.225021
0.03513984,-0.007397059,0.2220304
0.04680026,-0.008014475,0.2294991
-0.06009664,-0.2119341,0.2839781
0.06542063,-0.1381916,0.2225273
0.008964106,0.001252882,0.2223453
0.03501213,0.01788814,0.2251047
0.03494494,-0.00738162,0.2221185
0.04687665,-0.008053154,0.2292938
-0.05965997,-0.2116053,0.2834203
0.06536327,-0.1382341,0.222665
0.008859739,0.001193395,0.2225134
0.03495815,0.01784278,0.2251572
0.03490198,-0.007425506,0.2221605
-0.05928138,-0.2110376,0.2840413
0.06523026,-0.1379876,0.2225647
0.008831382,0.001328997,0.2224189
0.03491698,0.01802024,0.2250877
-0.4447954,0.05782351,0.6047081
-0.05878659,-0.2104027,0.2832171
0.06534258,-0.1375926,0.2219467
0.008636072,0.001410022,0.2225515
0.03495325,0.0175522,0.2244827
-0.4474424,0.05849881,0.6081545
0.009372756,0.0142167,0.2232027
-0.057945,-0.2092401,0.2818197
0.0651221,-0.1367672,0.2208387
0.00833267,0.002011011,0.2225161
0.03458492,0.01775435,0.2244624
0.03476858,-0.007546032,0.2205672
-0.4483668,0.05890247,0.6086697
-0.4684712,0.09424755,0.5335732
0.009140328,0.01427708,0.2230231
0.0646168,-0.1367751,0.2210966
0.007854819,0.002044714,0.2226012
0.03437512,0.01781124,0.224209
0.0347143,-0.007462817,0.2200781
0.02810641,0.01200381,0.2171605
-0.4488816,0.05901138,0.6087564
-0.3293263,-0.1762509,0.5504141
-0.4701335,0.09451015,0.5345956
-0.6468505,-0.08756907,0.6026288
0.009135276,0.01430215,0.2229379
-0.05564395,-0.2069587,0.2773737
0.06447667,-0.1368428,0.2212725
0.007773563,0.002073339,0.2226285
0.03467131,0.01777939,0.2236011
-0.3008454,-0.1565229,0.5080316
0.02832334,0.01187062,0.2161676
-0.4509656,0.05927469,0.6107246
-0.3293474,-0.1761938,0.5503515
-0.434673,0.09063151,0.6224807
-0.4725028,0.09491888,0.5365047
-0.6468956,-0.0875231,0.6025744
0.009099662,0.01420329,0.2228043
-0.05570738,-0.2069004,0.277483
0.06435609,-0.1369441,0.2215036
0.00778605,0.002089011,0.2225984
0.06696499,-0.1398323,0.2408249
0.0282094,0.01192872,0.216372
-0.4540121,0.05985093,0.6146196
-0.326905,-0.1753835,0.5475641
-0.4402146,0.09142128,0.6292546
-0.4790634,0.09500099,0.5424577
-0.647759,-0.08890245,0.6025866
-0.4945611,9.156391E-05,0.5466799
-27.5941,1.688336,16.14846
0.009033829,0.0144033,0.2224836
-0.05604194,-0.2066469,0.2772284
0.0640666,-0.1374174,0.2214457
0.007568374,0.00216066,0.2220665
0.02813202,0.01204269,0.2159617
-0.4545613,0.06029208,0.6146222
-0.3243281,-0.1734445,0.5435073
0.05988611,-0.1465529,0.2179633
-0.4790468,0.09540075,0.5419649
-0.4939577,0.0005076602,0.5456511
0.007502154,0.002118637,0.2221608
-0.4557188,0.06027838,0.6156011
0.06360864,-0.06284581,0.2344521
-0.4715759,0.09404551,0.5356946
-0.4945717,0.0003869263,0.5460104
0.00768055,0.002205557,0.2216692
0.06730357,-0.1262526,0.2226661
0.0640161,-0.1371252,0.2142959
-0.4612301,0.06108602,0.6208864
0.06107138,-0.1448963,0.2154232
-0.4667477,0.09345129,0.5316821
-0.4864064,0.0004496006,0.5393258
0.008009806,0.0021783,0.2212111
-0.4640399,0.06089819,0.6236672
0.06192674,-0.143914,0.2138268
-0.4140307,0.09077556,0.6082199
0.06369521,-0.06254011,0.2336495
-0.4778767,0.001748718,0.5326276
0.06864546,-0.1101559,0.2193561
0.05735384,-0.1489351,0.2061516
0.03591253,-0.1999766,0.1942015
0.06092758,-0.1978275,0.2766204
0.0584951,-0.1470429,0.2032572
0.0648388,-0.100417,0.2274133
-0.4755273,0.001881367,0.5305402
0.05131605,-0.2003082,0.2012833
0.03338574,-0.1971619,0.1955411
-0.4065318,-0.4158292,0.5369294
-0.4748883,0.08643605,0.5269193
-0.4654548,-0.00480571,0.5181661
-0.3960136,-0.1449282,0.4254649
-0.4235733,-0.1066022,0.4262527
-0.4108112,-0.1714159,0.4225662
-0.4878422,0.07473017,0.5233223
0.02904852,0.004385697,0.2068819
-0.4753858,0.001922399,0.5303843
-0.4761679,0.08668499,0.5276766
-0.4675772,-0.004701631,0.5194785
-0.3958146,-0.1448088,0.4251272
-0.4698814,0.07326904,0.5206196
-0.3890949,-0.1816241,0.4022655
-0.3690049,-0.2121632,0.3867658
-0.424797,-0.1066952,0.4267849
-0.4095725,-0.1710215,0.4215935
0.03432097,0.01712642,0.2081617
-0.4886741,0.07489316,0.5237435
0.05890334,-0.146647,0.2026335
0.07063154,-0.1082296,0.2154157
0.03406253,-0.1963738,0.1947005
0.03750646,-0.1972996,0.1917879
-0.468194,0.08536842,0.5217293
-0.3893481,-0.143423,0.4207183
-0.3835899,-0.180417,0.3981154
-0.3585634,-0.2076982,0.3795167
-0.4240906,-0.1065649,0.4259972
-0.4061086,-0.170124,0.419113
-0.4851788,0.07438494,0.5210037
0.02221903,0.001832392,0.2038967
0.05899599,-0.1462053,0.2020774
0.05231875,-0.1985637,0.199562
0.03409721,-0.1959334,0.1942492
0.03726447,-0.1966496,0.1914646
-0.3844288,-0.1803041,0.3980719
-0.3604395,-0.2079729,0.3800392
-0.3972384,-0.1676222,0.4133236
0.06006682,-0.1982625,0.2772552
0.05222523,-0.1980755,0.1992399
0.033355,-0.1966011,0.1948996
0.03703342,-0.1966814,0.1912666
-0.38523,-0.1434419,0.4176362
-0.3893846,-0.1814722,0.4005876
-0.364844,-0.2092619,0.3822188
-0.4290884,-0.1071879,0.4288705
-0.3989045,-0.1670925,0.4143802
0.05193472,-0.1975761,0.1982947
0.03323148,-0.1959623,0.1938664
-0.3875055,-0.1436135,0.4178996
-0.365269,-0.2090196,0.3819005
-0.4282604,-0.1068289,0.4273824
-0.3988688,-0.1667772,0.4133331
0.05191004,-0.1973352,0.1975671
-0.3857916,-0.1432229,0.4160943
-0.3946052,-0.1834635,0.4021901
-0.3831911,-0.1423288,0.4142392
-0.3944243,-0.1830479,0.4016364
0.05229595,-0.1961372,0.1963948
-15.37816,0.6572532,4.934658
-14.30242,0.6119199,4.600676
-12.70282,0.5421445,4.106028
0.07216656,-0.09939328,0.2211546
0.07232322,-0.09933502,0.2211686
0.07226753,-0.09942374,0.2212098
0.07219471,-0.09949166,0.2211747
0.0722224,-0.09962109,0.2212821
-0.7038574,-0.5055372,-0.1119667
-0.7476448,-0.5351456,-0.1644346
-0.7157639,-0.5534394,-0.1860363
0.07221359,-0.09958045,0.2212914
0.07203758,-0.1055635,0.2219311
0.07108714,-0.1040592,0.2191613
0.07224306,-0.09000039,0.221509
0.07190256,-0.1155372,0.2215776
0.06792913,-0.06824157,0.2124676
0.07322408,-0.07441577,0.2215913
0.06978314,-0.06222862,0.2127821
0.05426751,0.01668637,0.2143324
0.05659129,0.01073485,0.2139045
0.07020946,-0.05260365,0.2139706
-0.750191,-0.5363215,-0.1656194
-0.7011203,-0.5442141,-0.1793168
-0.6845007,-0.5309272,-0.1183781
0.07209864,-0.09969532,0.221296
0.06991673,-0.06222737,0.2127814
0.05027696,0.03456614,0.2194083
0.05443273,0.0163635,0.2142853
0.07272701,-0.08064505,0.2214967
0.07165413,-0.1078414,0.2215462
-0.7499959,-0.5372468,-0.1655372
-0.697606,-0.5431013,-0.177929
-0.6914451,-0.5336133,-0.1213467
0.07205184,-0.09976834,0.2210872
0.06998795,-0.1246146,0.2215619
0.07132766,-0.06510876,0.2157716
0.07230456,-0.08546364,0.2214491
-0.6981915,-0.5436861,-0.1782049
-0.7340666,-0.553634,-0.196382
0.07223807,-0.09971297,0.2206191
0.07236607,-0.1053971,0.2213811
0.07144641,-0.1161151,0.2208156
0.07223395,-0.09977748,0.220479
0.07235831,-0.1054537,0.221246
0.07126975,-0.09116731,0.2206604
0.07110335,-0.116313,0.2206566
0.07302519,-0.07471662,0.2208034
0.06955066,-0.06254905,0.2118545
0.05630554,0.01019468,0.2129497
0.07063429,-0.05265158,0.2132288
0.06920123,-0.06297614,0.2118108
0.07158843,-0.1232815,0.2214768
0.07215255,-0.08126052,0.2205437
0.07232357,-0.1074217,0.2208059
0.06861235,-0.1016754,0.2118696
-15.00345,-0.600148,1.109903
0.07308154,-0.06262673,0.2207092
0.07195746,-0.1227628,0.221446
0.07288108,-0.0854511,0.2210078
-15.05101,-0.604311,1.117427
-14.75412,1.682083,-0.398724
0.06927611,-0.06303907,0.211595
-14.6184,1.667597,-0.3930013
-13.7136,1.571985,-0.3530298
-13.29673,1.504924,-0.3466196
0.05682866,0.03530972,0.247017
0.05692307,0.03514929,0.2477743
0.05663992,0.03515999,0.2478773
0.08107952,-0.0008673891,0.2561991
0.06597865,0.01358565,0.2587608
0.07124019,0.001814576,0.2605345
0.07094575,0.001749232,0.2606718
0.06795461,0.03137154,0.2530408
2.867507,1.504432,-6.474248
0.0394362,-0.1245376,0.2713426
0.04251405,-0.1245549,0.273679
0.2949733,-0.1814227,0.1995147
0.1074979,-0.1735296,0.298458
0.1402342,-0.17326,0.3061304
0.1631349,-0.1788567,0.3202911
0.06839254,-0.1767767,0.2888757
0.06244855,-0.1761102,0.2881526
0.05857777,-0.1771037,0.2777461
0.06691001,-0.1779509,0.275351
0.05447768,0.02556184,0.2445889
0.05357458,0.02231937,0.2543395
0.03457177,-0.04435017,0.2663977
0.02414516,-0.07736105,0.2476476
0.02973706,-0.06658781,0.2574031
0.02972382,-0.06709301,0.2614389
0.02969339,-0.05834206,0.262134
0.03234319,-0.06595509,0.2626608
0.0393121,-0.05040912,0.2726706
0.0392802,-0.04754563,0.2693521
0.2793677,-0.1845498,0.1914786
0.02340256,-0.1266531,0.2423707
0.2950057,-0.1813492,0.1995726
0.3189981,-0.1822944,0.202997
0.1214942,-0.1776411,0.3001618
0.1118925,-0.1811968,0.3069025
0.1137457,-0.1779789,0.298326
0.09628855,-0.1822454,0.3026428
0.1297653,-0.182891,0.3098029
0.1298197,-0.177039,0.3025101
0.1058611,-0.1839708,0.3037117
0.1479562,-0.1769652,0.3066802
0.05993403,0.07260465,0.2610517
0.1084631,-0.174439,0.2981179
0.141586,-0.1743604,0.3057467
0.1648159,-0.1801441,0.3199343
0.07097077,0.07043599,0.2598269
0.1948875,-0.1781817,0.3279975
0.3529951,-0.148886,0.2331721
0.1044211,-0.1754715,0.3199724
0.2818233,-0.2025076,0.2626736
0.0335862,0.008501552,0.2340997
0.04109515,0.02670366,0.2282542
0.07531749,0.0212525,0.2715957
0.02840214,-0.0720599,0.2329986
0.02413476,-0.0622103,0.2408893
0.02536527,-0.06283233,0.2472705
0.029232,-0.07158893,0.2341755
0.02875533,-0.08570126,0.2583069
0.03114701,-0.08582562,0.2621708
0.02874572,-0.06476155,0.2542758
0.03415043,-0.05084188,0.265869
0.03288362,-0.07308535,0.2674102
0.02863576,-0.08558039,0.2637054
0.05830761,0.07707563,0.2550667
0.07427404,0.06853317,0.2607672
0.07535162,0.06691767,0.261308
0.2705936,-0.1794429,0.1962739
0.0614685,-0.1829465,0.08014736
0.03702446,-0.07000402,0.2671719
0.03923113,-0.1243813,0.2715329
0.04316414,-0.1252948,0.2732177
0.02455168,-0.1069426,0.2432178
0.2947749,-0.1811889,0.1996817
0.3223422,-0.1839797,0.2015258
0.121693,-0.1779356,0.3001835
0.06467996,0.04857646,0.2563021
0.06011782,0.002053197,0.2709727
0.1132016,-0.1820417,0.306456
0.2889606,-0.1780068,0.204755
0.1148519,-0.1790624,0.2977719
0.09715905,-0.1829172,0.3023184
0.1299011,-0.1826088,0.3099693
0.1311971,-0.1782359,0.3018872
0.149484,-0.1783531,0.3060043
0.02685713,-0.1031477,0.2608914
0.07210975,-0.1763377,0.2727128
0.07276944,-0.1676737,0.2725027
0.1103381,-0.1762422,0.2973861
0.1437092,-0.1761073,0.3050948
0.1677882,-0.182435,0.319239
0.07019141,-0.1789553,0.2879684
0.05299733,0.07261865,0.2645127
0.06464616,-0.1788521,0.2869613
0.06185057,-0.1812861,0.2756568
0.06780063,-0.1790821,0.2748728
0.06353164,-0.1791207,0.2725266
0.03736228,-0.1814166,0.2649482
0.2795308,-0.07599319,0.2713036
0.07621104,-0.183866,0.2937025
0.1271135,-0.1826578,0.3115726
0.3597319,-0.1504282,0.2397191
0.07297457,-0.1805575,0.2732435
0.07877585,-0.1824304,0.2984811
0.05049805,-0.1802646,0.2823464
0.08656134,-0.1746675,0.2927558
0.1920795,-0.17897,0.3155482
0.04264889,-0.1786731,0.2750049
0.05274356,-0.1780859,0.280935
0.2871787,-0.07040181,0.2839649
0.2736663,-0.07888427,0.2799754
0.2753695,-0.0752154,0.2799724
0.2772633,-0.07963189,0.2844137
0.3641866,-0.1524298,0.2273615
0.06729276,-0.1766915,0.2876267
0.06326225,-0.1818431,0.2872052
0.3536291,-0.1490756,0.2329809
0.05172727,0.04990645,0.2368689
0.3631936,-0.1575759,0.2381608
0.3531148,-0.1377237,0.2414687
0.07106938,0.04406907,0.2589769
0.04476448,0.03605338,0.2382437
0.029479,-0.06352605,0.2574737
0.02601657,-0.1291632,0.2335321
0.02580973,-0.07821362,0.2516033
0.07441542,-0.1817905,0.3353181
0.03561855,-0.109523,0.2396982
0.1384102,-0.1811623,0.3126685
0.08964527,-0.1808727,0.2911701
0.1682559,-0.1794994,0.3094549
0.05876615,-0.1790698,0.2847561
0.1756228,-0.1781162,0.3118738
0.03900918,-0.07450759,0.2654545
0.02929097,-0.110035,0.2580256
0.1362356,-0.1745043,0.2444861
0.07737488,-0.1770814,0.2837444
0.04114086,-0.1369797,0.2511367
0.3687993,-0.137113,0.2119662
0.06290294,0.03172623,0.263943
0.05929966,0.001654603,0.2714616
0.02685545,-0.02695964,0.2378125
0.03406791,-0.04403357,0.2667057
0.0288167,-0.08537391,0.2585579
0.03148194,-0.08593892,0.2619815
0.0319896,-0.06899993,0.2636002
0.03327839,-0.07280971,0.2674205
0.03680913,-0.06363674,0.2686688
0.03003784,-0.08631045,0.2625729
0.04027054,-0.05095577,0.271938
0.05854592,0.07688668,0.2548988
0.05860919,0.04877425,0.2476339
0.07398951,0.06865671,0.2609905
0.03645827,-0.07205437,0.261792
0.07494709,0.06694224,0.261645
0.2703861,-0.1781341,0.1968374
0.02343564,-0.1267978,0.2423017
0.02985616,-0.06366946,0.2611356
0.03817806,-0.04147658,0.270604
0.03928521,-0.1242551,0.2715854
0.04339689,-0.1253577,0.2731292
0.2971828,-0.1823087,0.1985903
0.3279638,-0.1866887,0.1990962
0.1221212,-0.1781159,0.3000818
0.03256637,-0.06324418,0.2648802
0.1133561,-0.1820492,0.3066198
0.2913803,-0.179123,0.203986
0.07531995,-0.1550975,0.2726224
0.1149465,-0.17901,0.2979494
0.09727247,-0.1828975,0.3024901
0.1299327,-0.1824856,0.3101667
0.1313379,-0.1782133,0.3020546
0.1494951,-0.1782051,0.3062061
0.02755725,-0.1034653,0.2604296
0.07276846,-0.1769873,0.2725865
0.07328595,-0.1681362,0.2724473
0.03038687,-0.0780993,0.2612104
0.02596176,-0.07620998,0.2354495
0.1112503,-0.1769049,0.297025
0.1446322,-0.1766812,0.3047876
0.07062253,-0.1792118,0.2877866
0.06559438,-0.1797493,0.2864675
0.3538415,-0.179188,0.2138076
0.06878732,-0.1800109,0.2743152
0.06539628,-0.1811531,0.2713513
0.03723103,-0.1809841,0.2652193
0.2821854,-0.07668027,0.2704631
0.2636968,-0.07602914,0.273984
0.07575227,-0.1830186,0.2941223
0.127556,-0.1822157,0.3116611
0.07418829,-0.1811866,0.2727281
0.07878838,-0.1816267,0.2988288
0.08723536,-0.1748717,0.2925589
0.06697807,0.04422471,0.2622901
0.1920756,-0.1787717,0.3155384
0.5107993,-0.1631702,0.1376448
0.521917,-0.1637313,0.1031706
0.05159344,-0.1760435,0.2821534
0.03427142,-0.03835757,0.2662301
0.28955,-0.07095768,0.2832928
0.2738105,-0.07881619,0.2799131
0.2761999,-0.07535528,0.2797095
0.2791494,-0.0801055,0.2838657
0.06816208,-0.1774742,0.2871868
0.0275383,-0.06801023,0.2551748
0.06363101,-0.1820344,0.2870567
0.02832142,-0.1257825,0.2588595
0.3601423,-0.1515347,0.2309608
0.3633015,-0.1573766,0.2383376
0.3563114,-0.138733,0.2408047
0.07395549,-0.181106,0.3355988
0.03045371,-0.07151452,0.2570501
0.02523571,-0.06869206,0.2448973
0.03852709,-0.04820419,0.2661057
0.03044385,-0.0703592,0.2613115
0.03458181,-0.06481782,0.2673741
0.07020305,-0.172808,0.2879963
0.02575333,-0.09725054,0.2608665
0.4742496,-0.1609515,0.1638683
0.138853,-0.1814022,0.3127756
0.08949925,-0.1805743,0.2914348
0.1687463,-0.179722,0.3095573
0.05880474,-0.1789925,0.2849499
0.04500352,-0.0277975,0.2515818
0.1758477,-0.1781207,0.3120337
0.07754873,-0.1771511,0.2838779
0.3730992,-0.1384846,0.2107782
0.03753529,-0.04028114,0.2690337
0.02574538,-0.04379529,0.2510956
0.06350613,0.03154472,0.263307
0.05256013,0.004103601,0.2461087
0.02756295,-0.07129437,0.2338508
0.02498095,-0.07808787,0.2466632
0.02609577,-0.06330635,0.2466739
0.02868941,-0.0852437,0.2584766
0.03124965,-0.0857116,0.261968
0.03245594,-0.06887986,0.2633809
0.02825486,-0.06429991,0.2547166
0.03482125,-0.05117823,0.265439
0.03669799,-0.06375486,0.2685254
0.04153075,-0.05167223,0.2709434
0.04085141,-0.03822652,0.2719322
0.067931,0.07006182,0.2652386
0.07396328,0.06877039,0.2608035
0.07573045,-0.1052689,0.2726995
0.02966254,-0.06349428,0.2610911
0.03659623,-0.06958105,0.2675118
0.03835944,-0.04153556,0.2703297
0.03803983,-0.1233173,0.272322
0.04374088,-0.1257987,0.2726691
0.1232868,-0.1791265,0.2995969
0.1136895,-0.1823037,0.3064281
0.07441219,-0.1540823,0.2729791
0.1156623,-0.1796333,0.2976274
0.09751467,-0.1830816,0.302315
0.1299901,-0.1824609,0.3100505
0.02786005,-0.1037874,0.2600592
0.07307964,-0.1772891,0.2723282
0.07394401,-0.1688158,0.2720081
0.02479265,-0.07529171,0.2367316
0.1116893,-0.1770121,0.2968636
0.1460004,-0.1775063,0.3042614
0.0659994,-0.1799925,0.2862418
0.06398938,-0.1828089,0.2748204
0.06922971,-0.180281,0.2740535
0.064528,-0.1799182,0.2720391
0.2838818,-0.07695808,0.2697938
0.26701,-0.07644907,0.2728224
0.1279505,-0.182548,0.3114942
0.3652013,-0.1517209,0.2379038
0.07330707,-0.1801075,0.273002
0.07905679,-0.1819315,0.2986447
0.08694027,-0.1745239,0.292543
0.1919227,-0.178131,0.315679
0.5073013,-0.1634802,0.1386726
0.03458744,-0.0384153,0.2658959
0.2918812,-0.07068667,0.2825939
0.2768622,-0.07942124,0.2788351
0.2792237,-0.07561196,0.2787009
0.2819613,-0.08057709,0.2829289
0.3738507,-0.1574527,0.2236635
0.02835498,-0.06823449,0.2545145
0.02939505,-0.1267801,0.2578383
0.02916005,-0.07461777,0.2573893
0.02734921,-0.07082029,0.2524707
0.363547,-0.1574176,0.2381475
0.3592941,-0.1398315,0.2398684
0.02668782,-0.129868,0.2329795
0.03793434,-0.04795647,0.2664677
0.03535392,-0.06518069,0.2666834
0.04954643,0.0440754,0.2497726
0.02558551,-0.0653604,0.2532865
0.02521796,-0.07316621,0.2464977
0.02851986,-0.0467812,0.2653376
0.02859057,-0.1041664,0.2555422
0.1398503,-0.1822126,0.3124537
0.08950759,-0.1805115,0.2913324
0.05906906,-0.1792619,0.2847252
0.374961,-0.1391286,0.210046
0.04842342,0.02009017,0.2633934
0.03758293,-0.04253327,0.2666855
0.0294187,-0.04619385,0.2614829
0.03436329,-0.07330759,0.2635221
0.02684136,-0.07819462,0.2359068
0.2881777,-0.08504036,0.2597438
0.275375,-0.08505078,0.2828929
0.4879234,-0.1741677,0.1715904
0.4904978,-0.1792161,0.1921082
0.0430989,-0.1286584,0.270728
0.1234997,-0.1838256,0.3078682
0.08076645,-0.1821022,0.2884349
0.1418555,-0.1814911,0.3030029
0.1001559,-0.1809979,0.2935515
0.03030146,-0.08595508,0.2598533
0.02793192,-0.07343818,0.2546142
0.02783936,-0.1301987,0.2505013
0.02476626,-0.06950434,0.2479178
0.02908324,-0.1315986,0.2444795
0.02688999,-0.1042907,0.2493587
0.07650205,-0.1768481,0.2743329
0.30965,-0.1389904,0.2127157
0.02359349,-0.06586613,0.2515597
0.1353625,-0.2381008,0.3315071
0.02522125,-0.07843602,0.2489572
0.04504434,-0.1272142,0.2746013
0.02788126,-0.09207295,0.2565901
0.02619422,-0.04540282,0.2460467
0.07449021,-0.1384259,0.272226
0.02780569,-0.1267764,0.2556786
0.04573759,0.04180433,0.2301335
0.03950652,0.03133517,0.2250304
0.04484674,0.04246889,0.2307323
0.06308249,0.03178877,0.2637277
0.0269122,-0.07062067,0.2346755
0.02520944,-0.07798253,0.2467715
0.02619937,-0.06325266,0.2467614
0.02615282,-0.068886,0.2373269
0.02874732,-0.08513746,0.2586008
0.03136502,-0.08565889,0.2620511
0.03258169,-0.06881462,0.2635329
0.02808632,-0.06403948,0.255013
0.03664328,-0.06354026,0.2687794
0.04056659,-0.0381588,0.2721882
0.02978186,-0.0634543,0.2611675
0.03626539,-0.06919828,0.2678652
0.03869605,-0.0416288,0.270276
0.03826654,-0.1234137,0.2724449
0.0436562,-0.1255279,0.2729435
0.1136881,-0.182072,0.3064858
0.1155671,-0.1793158,0.2977231
0.09754747,-0.1828686,0.3023711
0.1296273,-0.1819079,0.310187
0.07380819,-0.1778784,0.2720699
0.0742451,-0.1689006,0.2719684
0.02510823,-0.07541488,0.2366951
0.1118247,-0.176954,0.2970903
0.1459835,-0.1772847,0.3045259
0.06438203,-0.1831504,0.2749091
0.06941926,-0.1803372,0.2742252
0.06488359,-0.1802021,0.2721369
0.2837221,-0.07666317,0.2701034
0.2676541,-0.07642531,0.2729801
0.2832862,-0.07446063,0.2644131
0.1287996,-0.1831598,0.3114493
0.3648564,-0.1513095,0.238276
0.07284757,-0.179313,0.2733518
0.08731385,-0.1747224,0.2925494
0.1920538,-0.1780127,0.3159387
0.5026263,-0.1615658,0.1405454
0.03447165,-0.03816962,0.2661805
0.2917356,-0.07039775,0.2828983
0.2766655,-0.07911424,0.2791474
0.2789613,-0.07528533,0.2790241
0.2816209,-0.08022155,0.2832619
0.3738163,-0.1571699,0.2239693
0.02820614,-0.06793703,0.254833
0.3612556,-0.1505683,0.2309268
0.02954565,-0.07436004,0.2575804
0.04930542,0.03966195,0.2326604
0.03661168,-0.1456999,0.2174807
0.3637615,-0.1414544,0.2387348
0.02951974,-0.06333669,0.2576412
0.02688801,-0.1298502,0.2330074
0.02684604,-0.07886189,0.2509609
0.02588126,-0.06907159,0.2443667
0.03793724,-0.04778364,0.26669
0.03514518,-0.06484328,0.2670204
0.02577749,-0.06535485,0.2533758
0.03203237,-0.06021113,0.2553229
0.02755609,-0.09813057,0.2595369
0.02516544,-0.07294877,0.2467557
0.02820076,-0.03632207,0.2317884
0.02897185,-0.04655181,0.2654357
0.02765621,-0.1030541,0.2566051
0.06027284,0.04042757,0.2593204
0.1399585,-0.1821003,0.3124765
0.08923735,-0.17996,0.2915176
0.03733917,-0.07297538,0.2667708
0.02633421,-0.04043968,0.2494457
0.3833255,-0.1421528,0.2074315
0.02569212,-0.072042,0.2517318
0.2893666,-0.08547381,0.2853687
0.2874663,-0.08455494,0.2601726
0.2755334,-0.08486553,0.2831485
0.4890271,-0.1742836,0.1715908
0.4872179,-0.1776691,0.1932515
0.042887,-0.1282356,0.2710648
0.1234399,-0.1835652,0.3081354
0.08049689,-0.1815813,0.2887613
0.1001087,-0.1807503,0.2938153
0.02841796,-0.1305507,0.2451916
0.07729737,-0.1776314,0.2742831
0.3080521,-0.1380187,0.2134985
0.04502532,-0.1270187,0.2748454
0.07443963,-0.1381884,0.2724888
0.02772079,-0.1264964,0.255963
0.09089328,-0.1809276,0.3015247
0.02765378,-0.1785543,0.229718
0.04029029,0.02090848,0.2233833
0.02464391,-0.02564737,0.2394748
0.0360141,-0.04426744,0.2655685
0.02717122,-0.07093035,0.2340556
0.0252507,-0.07805905,0.2464504
0.02606688,-0.06298012,0.2468733
0.03291545,-0.06914766,0.2631108
0.02778424,-0.06404289,0.254861
0.03602309,-0.07493691,0.265518
0.0365305,-0.06349857,0.268619
0.04189753,-0.05121128,0.2710035
0.04074294,-0.03828993,0.2718595
0.03878205,-0.04168699,0.2700449
0.03889401,-0.1243284,0.2718816
0.04351684,-0.125543,0.2727546
0.05651917,0.00314334,0.2731475
0.1128042,-0.1817082,0.3064564
0.1142167,-0.1782368,0.2980804
0.09675448,-0.1821984,0.3025313
0.1282365,-0.1813727,0.3101924
0.07148201,-0.1755833,0.2731872
0.02445533,-0.03986251,0.2411054
0.111424,-0.1768175,0.296956
0.1449155,-0.1766078,0.3044871
0.06947974,-0.1807141,0.2739313
0.2692513,-0.07717948,0.2725294
0.2804971,-0.07380436,0.2648174
0.03461748,-0.03826357,0.2658976
0.2929907,-0.07101233,0.2825679
0.2759979,-0.07912019,0.2791066
0.02825999,-0.06803172,0.2545546
0.02921467,-0.06283545,0.2579914
0.02752633,-0.07910326,0.2504693
0.05150079,-0.1767082,0.1933808
0.02621485,-0.06938696,0.2438578
0.03717332,-0.04729733,0.2668857
0.03518135,-0.06491963,0.2667783
0.02551818,-0.06517633,0.2533075
0.02486715,-0.07273158,0.2467149
0.0390813,0.01153471,0.2197855
0.04024377,0.0237902,0.2215292
0.05293535,0.04770694,0.2277806
0.1383893,-0.1813625,0.3125432
0.08846562,-0.1789546,0.2919021
0.03566111,-0.07190219,0.2677122
0.02692506,-0.04049066,0.2489814
0.03567237,0.02100959,0.2486271
0.02419882,-0.0712512,0.2524909
0.03831773,-0.04058982,0.2683623
0.03693479,-0.04196345,0.2670469
0.03181265,-0.0527402,0.2616606
0.03428333,-0.07312959,0.2635592
0.2847514,-0.08415005,0.2858841
0.4838009,-0.1768239,0.1939162
0.0421919,-0.1275996,0.2711406
0.1217749,-0.1821767,0.3081806
0.07896102,-0.1799932,0.2889615
0.09805027,-0.1787561,0.2940747
0.07856237,-0.1794692,0.2735468
0.02897278,-0.1283004,0.2548565
0.09047002,-0.1806811,0.3012794
0.03005204,-0.05368656,0.2585296
0.03192552,-0.04530311,0.2620437
0.04284111,-0.03837154,0.2450472
0.02893128,-0.04620666,0.2567827
0.02671748,-0.03410207,0.2546769
0.02919356,-0.06687838,0.2575596
0.02906194,-0.06493001,0.2507132
0.02385229,-0.1039417,0.2476185
0.279917,-0.07369184,0.2642527
0.03841426,-0.04919883,0.2679092
0.03985,-0.04452954,0.2713668
0.0859151,-0.1823946,0.2998334
0.02670581,-0.03312229,0.2502701
0.3475338,-0.1334966,0.2275296
0.05350427,0.05951261,0.2521477
0.04932661,0.06683923,0.2504769
0.02477956,-0.02548089,0.2395266
0.03576254,-0.04412453,0.265562
0.02504587,-0.07790686,0.2464191
0.02607645,-0.06296755,0.2467545
0.03318498,-0.06941141,0.2628231
0.02781692,-0.06405899,0.2547261
0.03571927,-0.0511592,0.2649928
0.03667691,-0.06364764,0.2684176
0.04176856,-0.05116185,0.2709285
0.0411525,-0.03857984,0.2715687
0.05637208,0.04848809,0.2491142
0.06995032,0.07055514,0.264418
0.03693197,-0.06852593,0.2679514
0.04002512,-0.1257749,0.2711614
0.04341427,-0.1255345,0.2726362
0.05648621,0.003121097,0.2730825
0.1126535,-0.1817123,0.3062552
0.07430022,-0.1526613,0.2739205
0.1141496,-0.1783301,0.297877
0.07233676,-0.1666626,0.273124
0.02462333,-0.03999869,0.240785
0.02265093,-0.07321195,0.2382557
0.1113285,-0.1769018,0.2968034
0.1438659,-0.1758562,0.3044792
0.03587327,0.01794361,0.2567991
0.06912906,-0.1804461,0.2738715
0.2722203,-0.07833889,0.2718504
0.2787158,-0.07340178,0.265047
0.03466576,-0.03830526,0.2657633
0.2746081,-0.07882227,0.2792099
0.02756401,-0.06746627,0.2548732
0.3648034,-0.1411672,0.2387205
0.02915374,-0.06276646,0.2579037
0.02697673,-0.1308634,0.2310707
0.02727174,-0.07881738,0.2504822
0.02588655,-0.06922598,0.2439323
0.03657594,-0.04692103,0.2670881
0.03506147,-0.06485935,0.2667151
0.02542888,-0.06512822,0.2532308
0.02498005,-0.07286893,0.2464841
0.2944837,-0.08861996,0.2522755
0.03573582,-0.07197759,0.2675516
0.04212791,-0.1554989,0.2119621
0.02691365,-0.04045899,0.2488967
0.02439699,-0.07143924,0.2522563
0.038128,-0.0407525,0.2681568
0.03668749,-0.04182435,0.267068
0.03244628,-0.05322271,0.2611666
0.03092254,-0.04708957,0.2604674
0.03354923,-0.07647903,0.2601364
0.0351631,-0.07392772,0.2629271
0.02717157,-0.07843292,0.2354274
0.2784883,-0.08219284,0.2866589
0.04203738,-0.12753,0.2710458
0.1203043,-0.180884,0.308234
0.09721788,-0.1780168,0.2940956
0.02712758,-0.07151838,0.2460261
0.07805391,-0.1790273,0.2735426
0.02585827,-0.045008,0.2461513
0.03521352,-0.07886462,0.2605588
0.2802268,-0.07402706,0.2640626
0.2782739,-0.06885217,0.2738293
0.1116805,-0.1789671,0.3080163
0.3502208,-0.1349206,0.2267827
0.06181972,0.07337882,0.2392465
0.03004311,-0.0729173,0.2605209
0.02496039,-0.03214651,0.2484446
0.02350552,-0.07796273,0.2439929
0.04840513,0.0415663,0.2283762
0.02450507,-0.02535225,0.2401073
0.025228,-0.07800281,0.2466697
0.0323334,-0.06883782,0.2635587
0.03549141,-0.0509427,0.265445
0.03625252,-0.06338415,0.2688801
0.04160308,-0.05098898,0.2713214
0.04105129,-0.03847453,0.2719284
0.06941269,0.07052867,0.2649544
0.03949166,-0.04169357,0.2704493
0.0408723,-0.1264168,0.2710619
0.04353222,-0.1256215,0.272786
0.06068601,0.04886896,0.2590468
0.1122156,-0.1810834,0.3066353
0.1138331,-0.1778552,0.2982672
0.1115683,-0.176894,0.2970687
0.1443996,-0.175897,0.3047651
0.2766558,-0.07203193,0.2662091
0.03414819,-0.0380142,0.266353
0.3690655,-0.1429675,0.2383054
0.02698536,-0.07843813,0.2510355
0.02607533,-0.06946488,0.2442536
0.03546682,-0.04640515,0.2679065
0.03512594,-0.06466815,0.2671286
0.02573021,-0.06548318,0.253093
0.02477034,-0.07254416,0.2470617
0.03550901,-0.07169892,0.2680054
0.02698088,-0.04049111,0.2492336
0.02445639,-0.07143603,0.2526112
0.03811239,-0.04079131,0.2685577
0.03661494,-0.04148168,0.2676267
0.03241017,-0.05289159,0.2617303
0.03034359,-0.04638369,0.2614373
0.1188553,-0.1796718,0.308692
0.09631173,-0.1764786,0.2949891
0.04203726,0.03486927,0.2180038
0.03171914,-0.04510467,0.2623934
0.02803009,-0.06388308,0.2515529
0.03776357,-0.04866792,0.2684016
0.03985954,-0.04451524,0.2715991
0.1116916,-0.1788485,0.3083663
0.03027846,-0.07319821,0.2608418
0.02825504,-0.03251304,0.253152
0.02795193,-0.03692607,0.232415
0.02961406,-0.07338537,0.2577086
0.02657323,-0.0270134,0.2480173
0.0271237,-0.07758221,0.2536388
0.0231204,-0.06122042,0.2417425
0.02576798,-0.07487273,0.2517998
0.02638827,-0.02231414,0.2444851
0.02505504,-0.07593288,0.2451195
0.02528416,-0.07284279,0.2494758
0.03092331,-0.05846398,0.2613755
0.03800023,-0.04613093,0.2705139
0.03233267,-0.108337,0.2620403
0.03293917,-0.07697974,0.2648413
0.1030434,-0.1800981,0.3049151
0.02580599,-0.0311616,0.2487174
0.2776272,-0.08624658,0.2592638
0.02436727,-0.02589443,0.2452518
0.04857761,0.04128627,0.2280723
0.02396143,-0.02494742,0.2405476
0.02522863,-0.07793336,0.2467896
0.03234491,-0.06882273,0.2636676
0.03622831,-0.06333092,0.2689986
0.04078663,-0.0381615,0.2722606
0.03977693,-0.04189773,0.2704455
0.04352092,-0.1255948,0.2728901
0.05949137,0.04888342,0.2595793
0.1135855,-0.1775458,0.2983274
0.111656,-0.1770153,0.2971499
0.1444222,-0.1759404,0.3048401
0.2767805,-0.07211259,0.2662467
0.03413153,-0.03796821,0.2664746
0.2772918,-0.07751431,0.2847546
0.02822876,-0.06750637,0.2553504
0.02653327,-0.07791001,0.251377
0.02593458,-0.06928167,0.2444324
0.03543024,-0.04634166,0.2680312
0.0350972,-0.06460993,0.2672488
0.0256578,-0.06537285,0.2532375
0.02475905,-0.07250503,0.2471795
0.03504436,-0.07121542,0.2682644
0.02650183,-0.04009948,0.2495988
0.0247211,-0.07167128,0.2525491
0.03659628,-0.04143483,0.2677472
0.03262209,-0.05306518,0.261777
0.09656247,-0.1768194,0.2950695
0.03196242,-0.045268,0.2623615
0.02751698,-0.03462184,0.2546134
0.02711744,-0.06298082,0.2521458
0.0395534,-0.04426815,0.271779
0.02731127,-0.07778719,0.2536733
0.02581853,-0.07490851,0.2518901
0.02525026,-0.07196164,0.2419428
0.02498094,-0.07581745,0.2452676
0.02511591,-0.0726146,0.2496649
0.03797507,-0.04607849,0.2706343
0.03047852,-0.0898546,0.2601851
0.03288552,-0.07689138,0.2649682
0.1031683,-0.1802712,0.3050039
0.04487956,-0.1652113,0.2012106
0.03689825,-0.04345378,0.2692699
0.02514236,-0.07776729,0.2467369
0.03439012,-0.04986896,0.2661509
0.03630639,-0.06342221,0.268872
0.04140883,-0.05033144,0.2717703
0.04087036,-0.03820479,0.2721736
0.03986883,-0.04199576,0.2703097
0.05927996,0.04875575,0.2595365
0.1133607,-0.1777302,0.2981512
0.1118863,-0.1774226,0.2970916
0.03426424,-0.03807305,0.2663341
0.02778327,-0.06700365,0.255411
0.02546378,-0.06879122,0.2445728
0.03562032,-0.04651098,0.2678773
0.03507989,-0.0646025,0.2671452
0.02494077,-0.07271615,0.2469763
0.03370559,-0.05041156,0.2627121
0.05235613,0.04767159,0.2286948
0.03546855,-0.07142142,0.2680793
0.02623102,-0.03973215,0.2498721
0.0362846,-0.04117294,0.2677259
0.03059623,-0.04657931,0.2613627
0.09696437,-0.1774752,0.2949921
0.03149693,-0.04470241,0.2627423
0.02657803,-0.06250701,0.2524116
0.02566931,-0.03415726,0.2454138
0.03044634,-0.07339241,0.2607382
0.02680864,-0.07717382,0.2537626
0.0256733,-0.07473084,0.2518359
0.02513151,-0.07175108,0.2419132
0.02481359,-0.07560293,0.2452344
0.02498074,-0.07244693,0.24961
0.03833611,-0.04639445,0.2704477
0.03055046,-0.08996753,0.2600431
0.1030067,-0.1802071,0.3049395
0.0369841,-0.04350215,0.2691762
0.02411872,-0.06506506,0.2433859
0.02493026,-0.03572807,0.2404676
0.02495743,-0.06466704,0.2480892
0.025466,-0.08803325,0.2512333
0.0562781,0.03130119,0.2664261
0.2702882,-0.06805866,0.2882086
0.2652807,-0.08393324,0.287745
0.02534409,-0.07233409,0.2563403
0.1378936,-0.1783712,0.303982
0.02516874,-0.02545913,0.2401295
0.02496751,-0.07762414,0.2469343
0.03442332,-0.04994708,0.2662802
0.03642847,-0.06359571,0.2689764
0.04126858,-0.05027054,0.271933
0.04087662,-0.03827427,0.2723198
0.0397706,-0.04195606,0.2705094
0.1133918,-0.1778799,0.2982058
0.03440552,-0.03823164,0.2664397
0.02769981,-0.06695895,0.2555783
0.02515485,-0.06878586,0.2446784
0.03572643,-0.04664925,0.267991
0.03524084,-0.0648191,0.2672368
0.02509508,-0.07295445,0.2470332
0.03376751,-0.05051972,0.2628372
0.0354993,-0.07150207,0.2681997
0.02625395,-0.03979374,0.2500139
0.03609438,-0.04105712,0.2679186
0.03092365,-0.04692473,0.2613971
0.09761164,-0.178426,0.2950576
0.03152995,-0.04477798,0.2628754
0.02661288,-0.06258693,0.2525391
0.02574492,-0.03426966,0.2455407
0.03007596,-0.07325271,0.2609075
0.02591627,-0.02648006,0.2484904
0.02682514,-0.07724763,0.2538862
0.02574334,-0.07486865,0.2519368
0.02560013,-0.02170613,0.2450504
0.02487899,-0.07151477,0.2421539
0.02456852,-0.07535419,0.2454856
0.0249169,-0.07242179,0.2497709
0.03855669,-0.04663044,0.2705366
0.1029912,-0.1802907,0.3050165
0.02608731,-0.03137366,0.2487522
0.02546524,-0.02672929,0.2448736
0.03710657,-0.04367937,0.269301
0.02497917,-0.06473054,0.2482204
0.02559629,-0.08826658,0.2513214
0.1379867,-0.1785985,0.3040344
0.02494381,-0.07761409,0.2467047
0.03442945,-0.0498865,0.2660098
0.03698342,-0.06386019,0.2685402
0.04115528,-0.038489,0.2720389
0.02520474,-0.0687009,0.2444029
0.0361799,-0.04659627,0.2677691
0.03543662,-0.06509142,0.2667557
0.02542867,-0.07319387,0.2466016
0.03381547,-0.05050436,0.2625606
0.02628309,-0.03976549,0.2497337
0.03605941,-0.04097428,0.2676916
0.0309973,-0.05155201,0.2621524
0.03096184,-0.04710612,0.260956
0.02654988,-0.06244171,0.2522966
0.02584923,-0.03431688,0.2452315
0.02585222,-0.02637114,0.2482823
0.02722245,-0.07738379,0.2536433
0.02472384,-0.07515254,0.2454568
0.02545328,-0.0729718,0.2491892
0.02630922,-0.03162618,0.2482375
0.02428018,-0.06524388,0.2432093
0.02507839,-0.06479079,0.2479304
0.02521303,-0.0776661,0.2466248
0.0344808,-0.04992932,0.2659154
0.03694295,-0.06377345,0.2684994
0.04096044,-0.05030816,0.2714634
0.04129726,-0.03871276,0.2717633
0.1123859,-0.1787465,0.2961022
0.02530076,-0.06876437,0.2443042
0.03614855,-0.04652637,0.2677258
0.03542477,-0.06503994,0.2667147
0.02541672,-0.0731378,0.2465554
0.03361612,-0.05028307,0.2625062
0.02636922,-0.03984654,0.2496153
0.03604417,-0.04092246,0.2676477
0.03098824,-0.05150747,0.2621066
0.03095718,-0.0470668,0.260909
0.09749144,-0.1791758,0.2941105
0.02650883,-0.0623761,0.2522219
0.02600145,-0.03445947,0.2450845
0.02584703,-0.02633183,0.2482258
0.02727359,-0.07742161,0.2535909
0.02473113,-0.0751243,0.2454067
0.02544539,-0.07292279,0.2491425
0.03884424,-0.04717933,0.269772
0.02630863,-0.03159135,0.2481814
0.0245118,-0.06552597,0.2430384
0.02529695,-0.06505401,0.2477744
0.0345351,-0.05003902,0.2658136
0.03698559,-0.06378659,0.2685188
0.04091509,-0.05025693,0.2714911
0.1125054,-0.1788075,0.2962012
0.02734363,-0.06704558,0.2552284
0.02529509,-0.06875192,0.2443184
0.03604123,-0.04637706,0.2677367
0.03553686,-0.06514143,0.2667336
0.02537891,-0.07303921,0.2465852
0.02649596,-0.03979742,0.249647
0.03087901,-0.0469457,0.2609242
0.09746553,-0.1790381,0.2941817
0.02655917,-0.06239199,0.2522142
0.02608017,-0.03451848,0.2450272
0.02593862,-0.02639892,0.2482108
0.02720071,-0.07726886,0.2536233
0.02485862,-0.07527027,0.2454022
0.02647333,-0.03173696,0.2481553
0.02469274,-0.0658463,0.2428332
0.05653761,0.03135033,0.2661896
0.03454652,-0.05000861,0.2658253
0.03697275,-0.06375667,0.2684765
0.04099464,-0.05032131,0.2714857
0.02534705,-0.06870608,0.2443515
0.03588841,-0.046207,0.2676937
0.03568251,-0.06531078,0.266692
0.02533247,-0.07296188,0.2465556
0.02655984,-0.03984626,0.2496568
0.03060199,-0.04662962,0.2608985
0.02661871,-0.06243038,0.2522268
0.02611396,-0.0345343,0.2450368
0.02609123,-0.02656134,0.24814
0.02757012,-0.0778001,0.2535359
0.02504294,-0.07553475,0.2453236
0.02657283,-0.03184977,0.2480948
0.02476738,-0.06591143,0.2428403
0.0252481,-0.08832887,0.2447994
0.03344627,-0.06377879,0.264589
0.02788254,-0.07464628,0.255031
0.03282825,-0.07688496,0.2626353
0.02646885,-0.039744,0.2496091
0.02671387,-0.06255782,0.2521743
0.02581374,-0.03420188,0.2450135
0.058984,0.04056608,0.2667199
0.02489186,-0.02669281,0.2376872
0.02631535,-0.03957082,0.2496158
0.02690922,-0.06284007,0.2521684
0.02557957,-0.03394599,0.2450348
0.02707916,-0.03636012,0.2376986
0.0250036,-0.0267625,0.2376806
0.02799712,-0.0651865,0.2547469
0.03312317,-0.07765928,0.2618133
0.02713216,-0.06785473,0.2525649
0.02606731,-0.03947128,0.2498643
0.02687753,-0.06309907,0.2522021
0.02540894,-0.03370513,0.2453537
0.02684484,-0.0674298,0.2526939
0.03094447,-0.05877735,0.2613194
0.1889455,-0.2028834,0.1142962
0.02706745,-0.06888214,0.2505133
0.02601383,-0.03952485,0.2501189
0.026835,-0.06314327,0.2524689
0.0253298,-0.03373589,0.2455994
0.02660317,-0.06704137,0.2528768
0.03090494,-0.0588133,0.2615824
0.02601091,-0.03952097,0.2500944
0.02684116,-0.06314508,0.2524358
0.02531349,-0.03371763,0.2455754
0.02620478,-0.06675827,0.2529006
0.03083309,-0.05869392,0.2615133
0.02709618,-0.06903233,0.250768
0.02605422,-0.03957594,0.250225
0.02687619,-0.06318655,0.2525635
0.02530515,-0.03370632,0.2456914
0.0262347,-0.06682725,0.25307
0.03082307,-0.058662,0.2616209
0.02711194,-0.06904159,0.2508894
0.02617605,-0.0395273,0.249831
0.02524036,-0.03351555,0.2454466
0.02625193,-0.06674514,0.2527331
0.02599983,-0.03940052,0.2500208
0.02502887,-0.03334142,0.2456171
0.02623902,-0.06680948,0.2529369
0.02489946,-0.03321955,0.245794
0.02639402,-0.06684165,0.2532289
0.2572183,-0.1341183,0.1973029
0.05629845,0.03211585,0.232408
0.2588477,-0.1353595,0.197372
0.05421408,0.04064269,0.2285517
0.2620105,-0.1380533,0.198022
0.1382621,-0.1600829,0.1928049
0.1374893,-0.1650946,0.1913994
0.1113948,-0.1579777,0.1987414
0.280672,-0.1312211,0.2026235
0.2658707,-0.1344726,0.200124
0.2807076,-0.1307287,0.2022425
0.2657408,-0.1338701,0.1997114
0.2734175,-0.05757827,0.2678731
0.2599771,-0.06389055,0.2611997
0.2379222,-0.1677083,0.1715088
0.2785565,-0.1387863,0.199209
0.04169763,0.05953148,0.2422374
0.05686391,0.05051206,0.2217918
0.4818121,-0.1957632,0.4236388
0.0266707,0.009527665,0.2392482
0.0302405,0.04247948,0.2389131
0.03146165,0.03868038,0.251145
0.06592326,0.02584636,0.2102548
0.02969503,0.04103869,0.2560953
0.02628091,0.04225635,0.2520818
0.04150321,0.05940595,0.2420967
0.05687611,0.05038968,0.2219468
0.06859866,0.02010084,0.2077408
0.05893941,0.04799723,0.214592
0.04263997,0.04765215,0.2349884
0.346847,-0.183199,0.3539561
0.4818307,-0.1964988,0.4236219
0.03003278,0.04239114,0.2387336
0.06984076,0.05073906,0.2177267
0.330049,-0.175081,0.3498613
0.03103072,0.03869252,0.2504751
0.06645779,0.0256891,0.2108746
0.02606435,0.04222103,0.2517363
0.0569414,0.05032775,0.2220551
0.06891544,0.01998763,0.2081316
0.05902043,0.04793222,0.2147656
0.04252844,0.04759622,0.2348949
0.2714402,-0.1866322,0.3283944
0.3464243,-0.1829577,0.3537616
0.02762881,0.03627234,0.2369283
0.02951197,0.03237542,0.2422566
0.4832048,-0.1971801,0.424657
0.02963001,0.04238013,0.2381486
0.07011378,0.05062838,0.2181442
0.02907396,0.03833946,0.2521987
0.0304717,0.03874385,0.2495649
0.02872426,0.04107574,0.2544747
0.02588084,0.04219878,0.2514104
0.0401786,0.05914399,0.2409447
0.05738392,0.05008586,0.2222463
0.06931677,0.01983719,0.2085888
0.05935518,0.04783729,0.2151735
0.08321898,-0.1869054,0.2117201
0.08500134,-0.1730867,0.2131092
0.04248508,0.04753876,0.2348505
0.2725272,-0.1876003,0.3295119
0.3477,-0.1839433,0.3549683
0.03143219,0.03096982,0.2461352
0.02776544,0.03617511,0.2371234
0.4820596,-0.1970219,0.4242814
0.02583285,-0.01070131,0.233894
0.02929792,0.04213508,0.2379089
0.07033373,0.05050611,0.2184386
0.4588527,0.143821,0.4078558
0.4631216,0.1188074,0.3895006
0.02499375,0.04231529,0.2508136
0.04016601,0.05907062,0.2410395
0.05738319,0.05001286,0.2223517
0.06985336,0.01959791,0.2088048
0.0602215,0.04749338,0.2153811
0.08185344,-0.1848659,0.2104073
0.08473497,-0.172671,0.21286
0.07231835,0.04781516,0.2139122
0.04274223,0.04730612,0.2349101
0.2720326,-0.1873018,0.3292538
0.3476014,-0.1839482,0.3550677
0.02773647,0.036166,0.2370274
0.02352331,-0.01568551,0.2378161
0.4770824,-0.1948435,0.4212216
0.08120548,-0.1597385,0.2094442
0.02581849,-0.0107026,0.2338261
0.07762713,-0.1626249,0.2110073
0.02927471,0.04206519,0.237979
0.070423,0.05047085,0.218533
0.03448228,0.03500861,0.2317594
0.02879605,0.04640242,0.2542133
0.0566135,0.06345548,0.2247468
0.2987821,-0.05642932,0.2740301
0.47659,0.008527901,0.430229
0.457966,0.1435719,0.407558
0.463849,0.1187464,0.3902903
0.4574179,0.1165191,0.5111803
0.02949513,0.03831421,0.2487224
0.02741389,0.04103469,0.253539
0.02509597,0.04226511,0.2509948
0.04031404,0.05903323,0.241275
0.057427,0.04998448,0.2224144
0.06994105,0.01955663,0.2089414
0.06031006,0.04745048,0.2155141
0.08055217,-0.1825759,0.2094292
0.08461324,-0.1730169,0.21299
0.07235482,0.04777789,0.21399
0.04284019,0.04725987,0.2350659
0.2697199,-0.1848137,0.3278755
0.3432675,-0.1804992,0.3528436
0.02738027,0.03560612,0.2367044
0.02813967,-0.03200621,0.2337375
0.4751485,-0.1929395,0.4205443
0.08128811,-0.1597451,0.2094991
0.0257268,-0.01063498,0.2336472
0.02932676,0.04203852,0.2380445
0.07025633,0.0502392,0.2184177
0.03451147,0.03498929,0.2317856
0.02882002,0.04637766,0.2542425
0.2885495,-0.06712353,0.275387
0.02942611,0.05393655,0.2491354
0.4892237,-0.196748,0.3720914
0.2895297,-0.06985629,0.2593577
0.2986955,-0.05783442,0.2738784
0.05691204,0.06341518,0.2251583
0.4732073,0.008769967,0.4282498
0.06199395,0.0681336,0.2256732
0.0707989,0.03578332,0.2110135
0.4570998,0.116356,0.5114205
0.447287,0.1356948,0.4893337
0.3042443,-0.1615621,0.3338379
0.02948039,0.03830597,0.2486898
0.02741995,0.0410206,0.2535514
0.04043909,0.05902079,0.2414971
0.05737718,0.04998699,0.2223523
0.08366408,-0.135167,0.2128034
0.06995084,0.01954499,0.2089519
0.06034843,0.04743024,0.2155556
0.08063755,-0.1827045,0.2095963
0.08463114,-0.1730521,0.2130818
0.0723168,0.0477685,0.2139436
0.04288288,0.0472389,0.2351273
0.0641269,0.01692049,0.2136141
0.2696671,-0.184854,0.3280947
0.3428567,-0.1803422,0.3528379
0.02739976,0.03554596,0.2367412
0.02196153,-0.01583942,0.23547
0.02817779,-0.03207732,0.2338176
0.4750476,-0.1929824,0.4209066
0.02322852,-0.04430459,0.2444535
0.08147471,-0.1600014,0.2097812
0.02555033,-0.01016286,0.2336021
0.02930126,0.04204059,0.2380025
0.07028528,0.05017473,0.2184802
0.02501651,-0.02967282,0.2318359
0.03442638,0.03500925,0.2316434
0.07622781,-0.1731083,0.2093272
0.02878212,0.04638115,0.2541924
0.07396086,0.05832899,0.2246273
0.4234699,-0.1770834,0.3660258
0.2887877,-0.06727312,0.2757856
0.3684828,-0.1841817,0.3450196
0.02960337,0.05389776,0.2494755
0.4886043,-0.1965435,0.3721172
0.4369105,-0.1804503,0.3562119
0.2894971,-0.06990475,0.25956
0.05304944,0.06010524,0.2278182
0.05754948,0.05400953,0.2220069
0.2987325,-0.05790938,0.2741379
0.03427199,0.05902271,0.2475836
0.05931257,0.03985242,0.2220138
0.03709284,0.06235501,0.2489605
0.05707105,0.06340522,0.2253824
0.4667706,0.009458795,0.4240099
0.06234453,0.06810956,0.2261534
0.07096814,0.03573425,0.2112174
0.4561284,0.116304,0.5109536
0.06308795,0.06367008,0.2211894
0.04317511,0.08620326,0.2367798
0.05891588,0.0617411,0.2237479
0.06003972,0.09099123,0.220164
0.2914385,-0.07027271,0.2493211
0.4476462,0.1357106,0.4900765
0.3040381,-0.1614122,0.333828
0.02943608,0.03829481,0.2486836
0.02740255,0.04100181,0.2535986
0.04049255,0.05947639,0.2417753
0.05711119,0.04997852,0.2224387
0.06997451,0.01951773,0.2090517
0.06035487,0.04740769,0.2156365
0.08093058,-0.1830814,0.2100309
0.0845096,-0.1728416,0.2130324
0.07233694,0.0477449,0.2140419
0.04293647,0.04720715,0.235292
0.0641212,0.01691151,0.2136972
0.2695082,-0.1847108,0.3281061
0.02197188,-0.01585215,0.2355665
0.02822635,-0.03211933,0.2339849
0.0291329,-0.1696828,0.2815981
0.02430506,-0.1708677,0.2818406
0.01984052,-0.0690674,0.2371317
0.4745751,-0.1927178,0.4207645
0.08184206,-0.1604463,0.2103022
0.02704975,-0.1366476,0.2464927
0.02561212,-0.0101792,0.2337893
0.02905835,0.04203195,0.2380995
0.07029839,0.05015746,0.2185917
0.03431143,0.0345716,0.2314415
0.07602863,-0.172654,0.2091377
0.02833658,0.04608477,0.2539834
0.07404435,0.05830565,0.2248333
0.4225456,-0.1765619,0.365597
0.2877367,-0.06687247,0.275191
0.3663851,-0.1829805,0.3436499
0.08469485,-0.1737951,0.2099158
0.437278,-0.1805861,0.3566456
0.2897411,-0.0699803,0.259872
0.0530985,0.06008341,0.2279844
0.05748942,0.05400078,0.2220125
0.3000445,-0.05833209,0.2751911
0.03430848,0.05900131,0.2477441
0.03707026,0.06233991,0.2490117
0.05747786,0.06308632,0.2252963
0.4656085,0.01010681,0.4237233
0.06286871,0.06807876,0.2269539
0.07124817,0.0356529,0.2116299
0.4623846,0.1168533,0.5168167
0.06299247,0.06365899,0.2211515
0.05884041,0.06172983,0.2237327
0.4480441,0.1357954,0.4906389
0.3031986,-0.1608897,0.3332445
0.02913578,0.03818281,0.248805
0.02710906,0.0409997,0.2537839
0.04048823,0.05940467,0.2419025
0.05711144,0.0499085,0.2225694
0.0700791,0.01917502,0.2089968
0.06011875,0.04776327,0.2158926
0.0810498,-0.1832235,0.2102196
0.08445118,-0.1727372,0.2130157
0.0725619,0.0473541,0.2139152
0.04341121,0.04730374,0.2352142
0.09141709,-0.157569,0.2194287
0.2692522,-0.1844997,0.3279802
0.02196513,-0.01589184,0.235621
0.02828234,-0.03220671,0.2341532
0.0292678,-0.1699189,0.2819339
0.0244274,-0.1710874,0.2821548
0.01989436,-0.0691722,0.2373066
0.4737502,-0.1922715,0.4203055
0.08252169,-0.1613246,0.2111495
0.02702767,-0.1366098,0.2464941
0.02561893,-0.01024523,0.2338904
0.0290612,0.04195734,0.2382312
0.07028732,0.05011475,0.2186625
0.03431703,0.03449779,0.2315747
0.07606018,-0.1726537,0.2092706
0.02833785,0.04601216,0.254118
0.07411492,0.05825575,0.2250142
0.4203351,-0.1754341,0.3641798
0.2863691,-0.06636339,0.2743318
0.08502522,-0.1742215,0.2103731
0.437052,-0.1804256,0.3566312
0.289865,-0.07001787,0.2600645
0.05312212,0.06003411,0.2281091
0.05741145,0.05396432,0.2219869
0.3017285,-0.05888467,0.2764612
0.03432816,0.05894949,0.2478771
0.05958714,0.03973182,0.2225775
0.03702579,0.06229497,0.2490262
0.05746883,0.06301652,0.2254168
0.3200215,-0.0622837,0.2868773
0.03036234,0.05252755,0.2514009
0.02268304,-0.1188567,0.2203891
0.4657127,0.01016828,0.4240139
0.4659601,0.1461688,0.4133596
0.02720225,0.01101065,0.2364205
0.06338713,0.06862018,0.2275811
0.07169378,0.03554838,0.2117669
0.4643913,0.1172821,0.518574
0.06277001,0.06362765,0.220933
0.05865064,0.0616985,0.2235493
0.4480653,0.1358415,0.4908361
0.04893331,0.0917795,0.2157575
0.05425107,0.09188995,0.2179264
0.07028319,-0.1781159,0.1955896
0.02926429,0.03814303,0.2491311
0.02723608,0.04095974,0.2541082
0.02507787,0.04295269,0.2523817
-0.005068891,-0.1706189,0.2763424
0.04055757,0.05937915,0.242115
0.07020605,0.01914505,0.2093179
0.06024415,0.04772839,0.2162177
0.08136157,-0.1823641,0.2097917
0.08474299,-0.1735146,0.2133663
0.07268635,0.04732165,0.2142398
0.04354099,0.04726529,0.2355456
0.09219859,-0.1584573,0.2204216
0.2684319,-0.1843347,0.3278871
0.09085696,-0.1384264,0.218476
0.03516936,0.03771057,0.2399394
0.02193568,-0.01567232,0.2357094
0.02857672,-0.03245988,0.234124
0.0294654,-0.1701893,0.2823717
0.02451652,-0.1711541,0.2823524
0.0200387,-0.06930836,0.2376365
0.4755063,-0.1931574,0.4211005
0.08319245,-0.1629431,0.2117458
0.02696154,-0.1364178,0.2463834
0.025668,-0.01027467,0.234042
0.02913583,0.04193019,0.2384481
0.07022051,0.05014953,0.218802
0.019699,-0.02206398,0.2253581
0.03438532,0.03447406,0.2317779
0.0760661,-0.172521,0.2093627
0.02842378,0.04598188,0.2543599
0.07437266,0.05859261,0.2253813
0.4198836,-0.1751577,0.3639657
0.07408004,0.05205652,0.2235755
0.2853905,-0.06630658,0.2740636
0.3621436,-0.181041,0.3411441
0.0385761,0.06044424,0.2384323
0.08565559,-0.1749966,0.2111801
0.2899731,-0.07006918,0.2601792
0.05299111,0.0600208,0.2282495
0.05725906,0.05371942,0.2219941
0.3036858,-0.05975254,0.2772209
0.033762,0.05896248,0.2483604
0.03688697,0.06220657,0.2491504
0.05753375,0.06299344,0.225624
0.3192637,-0.06197976,0.2864997
0.03044956,0.0524975,0.2516468
0.02277092,-0.1188586,0.2205836
0.4659965,0.010185,0.4244031
0.4664137,0.1462527,0.4138858
0.02721149,0.01102068,0.236503
0.06351145,0.06858461,0.2279105
0.04702074,0.06352213,0.2276207
0.07182119,0.0355164,0.2120925
0.4646887,0.1173352,0.5190964
0.05854046,0.06155688,0.2235541
0.4727063,-0.1016072,0.4268242
0.4509789,0.1364926,0.4931248
0.04903521,0.09175634,0.2160264
0.05434743,0.09186712,0.218186
0.07040323,-0.1781419,0.1958219
0.02941642,0.03807571,0.2495328
0.02738167,0.04089214,0.2544974
0.02524357,0.0428802,0.2528115
-0.004613355,-0.1714737,0.2776037
0.04061755,0.05936643,0.2423568
0.07034548,0.01909588,0.2097047
0.06491796,0.0416657,0.2137421
0.08198579,-0.1828333,0.2107894
0.07282066,0.04726638,0.2146282
0.04370362,0.04719895,0.2359691
0.26928,-0.1849597,0.3291276
0.03529049,0.03765591,0.2402845
0.02243582,-0.01596118,0.2365823
0.02907447,-0.03274764,0.2349917
0.02961079,-0.1722656,0.284297
0.0196628,-0.06992301,0.2384004
0.02730439,-0.1370714,0.246733
0.02556337,-0.01017242,0.2342934
0.0292,0.04191929,0.2386908
0.01995004,-0.02219591,0.2259324
0.02242263,-0.03560238,0.2377744
0.04820929,0.03700838,0.2339182
0.03444112,0.03446823,0.2320032
0.07644626,-0.1729805,0.2099406
0.02849584,0.04596256,0.2546238
0.4226964,-0.1767585,0.3654082
0.07421897,0.05199534,0.2239719
0.005706914,-0.1759101,0.2722438
0.03871756,0.06037968,0.2388205
0.08710095,-0.17744,0.2123791
0.0534851,0.05972713,0.2291325
0.05775518,0.05342838,0.2228797
0.06085367,0.03913581,0.22331
0.02611057,0.01777684,0.239371
0.0575827,0.06298681,0.2258506
0.03052626,0.05247868,0.2519202
0.02315608,-0.119377,0.2213808
0.04714867,0.06346199,0.2279908
0.07194426,0.03546735,0.2124629
0.06200889,0.06268362,0.221764
0.06553522,0.04117367,0.213123
0.07218472,0.02487832,0.2163764
0.05443095,0.09186183,0.2184694
0.07161149,-0.1798387,0.1973839
0.3002822,-0.1604107,0.3328342
0.07025136,0.01905377,0.2095376
0.02208814,-0.01586663,0.2359755
0.0287628,-0.03266444,0.2344465
0.01986393,-0.02226828,0.2258121
0.02195777,-0.03538305,0.2369199
0.0258289,0.01781583,0.2389122
0.0654715,0.0411709,0.2129617
0.07210469,0.02486904,0.2161738
0.3546903,-0.1751116,0.3924112
0.02960771,0.03767041,0.2495861
0.02748139,0.04062098,0.2545888
0.02511512,0.04219704,0.253297
0.03975429,0.05876257,0.241092
0.07003203,0.01877175,0.2104262
0.03536239,0.03766951,0.2398441
0.02213444,-0.01589625,0.2361304
0.0288289,-0.03269262,0.2346582
0.0284805,0.04157981,0.2373673
0.02000724,-0.0225157,0.2264719
0.02184376,-0.03525111,0.2367607
0.03394426,0.03412792,0.2307091
0.07500911,-0.1695661,0.2090003
0.02758856,0.04481253,0.2534181
0.05788568,0.05332419,0.2231884
0.03429361,0.05858424,0.2495109
0.06093538,0.03902598,0.2235422
0.02598937,0.01770005,0.2393002
0.05701232,0.06153838,0.2244209
0.06270964,0.03708238,0.2179286
0.02969868,0.0518087,0.250887
0.02184011,-0.1161198,0.2193802
0.07254648,0.02467643,0.216952
0.07717873,0.0322257,0.2122422
0.07538064,0.01965924,0.2097944
0.04009913,0.0876199,0.2380502
0.05290003,0.04250613,0.2208414
0.04262783,0.07930896,0.2361522
0.05320635,0.09100278,0.2176363
0.05469137,0.05979921,0.2161488
0.2980068,-0.1584808,0.3333794
0.2125684,-0.07690078,0.7979564
0.02986446,0.03797978,0.2495474
0.02774251,0.04093188,0.2545635
0.0253778,0.04250773,0.2532662
0.07032211,0.01904467,0.210441
0.06523153,0.04191817,0.2147651
0.06019427,0.04741624,0.2173623
0.07269406,0.04655853,0.2156329
0.0667109,0.02844376,0.2171808
0.03562039,0.03797271,0.2397933
0.0202757,-0.02221591,0.2264624
0.02171384,-0.03438513,0.2361981
0.0103547,-0.1699988,0.2679564
0.03399861,0.03435865,0.2307542
0.07516728,-0.1694995,0.2093882
0.02766083,0.04504736,0.2535308
0.2845681,-0.06604478,0.2760465
0.05360013,0.06031977,0.2294653
0.03405887,0.05890291,0.2503003
0.06088941,0.03969692,0.2235737
0.02589081,0.0185595,0.2389534
0.05706403,0.06175742,0.2244559
0.02974826,0.05204752,0.250944
0.007553071,-0.1660738,0.2752444
0.02217373,-0.1162878,0.220049
0.03631893,-0.1642163,0.280581
0.07199582,0.03475288,0.2137388
0.07220022,0.02542676,0.2172343
0.05908743,0.06168794,0.2252256
0.07514143,0.01996411,0.2095073
0.05278148,0.04276439,0.2206295
0.2992392,-0.1587548,0.33481
0.0303535,0.03812186,0.2500877
0.02825494,0.04106512,0.2551472
0.02589308,0.04264064,0.2538562
0.1536588,-0.1562289,0.5678755
0.07080756,0.01920838,0.2109925
0.06068276,0.0475696,0.2179276
0.07314076,0.04671957,0.2161463
0.06689985,0.02868049,0.2173349
0.03600952,0.03814444,0.2401655
0.02331391,-0.01504734,0.2373604
0.02999002,-0.03166218,0.2358526
0.02080853,-0.02207569,0.2270611
0.02290009,-0.03460724,0.237693
0.01166958,-0.170494,0.2696901
0.0341114,0.03454632,0.2308916
0.07552932,-0.1695601,0.2097682
0.02777739,0.04521935,0.2536645
0.2857217,-0.06625447,0.2774512
0.05472963,0.06012625,0.2309032
0.05893162,0.05393262,0.224835
0.03519796,0.05869933,0.2517469
0.06202328,0.03950816,0.2250107
0.02702568,0.01836724,0.2403759
0.05712815,0.06194089,0.2245497
0.02258062,-0.116435,0.2206436
0.072422,0.03492463,0.2142205
0.06679738,0.04163513,0.2154999
0.07331343,0.0252478,0.2186399
0.02959688,0.02602736,0.2524524
0.06020951,0.0614968,0.2266551
-0.03386727,-0.1799657,0.2578242
0.2998439,-0.1588758,0.3352308
0.02609502,0.04265088,0.2540651
0.1548892,-0.1568197,0.5694974
0.07095322,0.01924245,0.2111768
0.0237904,-0.0151054,0.237984
0.03046569,-0.03172208,0.2364656
0.0191429,-0.06703454,0.2357059
0.02103999,-0.02206092,0.2273535
0.02354084,-0.03479121,0.238616
0.01251592,-0.1712068,0.2710634
0.03430033,0.0352194,0.2307695
0.07621038,-0.1697692,0.2093162
0.2863571,-0.06636652,0.2779537
0.01941609,-0.0586119,0.2329732
0.05509514,0.06009251,0.2313578
0.05928002,0.05390484,0.2252722
0.03555404,0.05866449,0.2521453
0.06234559,0.03949286,0.2254072
0.02741119,0.01834989,0.2408355
0.05740242,0.06251932,0.2242676
0.02300647,-0.1170114,0.2209732
0.04776517,0.06293081,0.2297159
0.07247643,0.03497104,0.2142865
0.0670583,0.04163092,0.2158315
0.07359871,0.02525005,0.218996
0.02984646,0.02605085,0.2526387
0.06052719,0.06146744,0.2270477
0.0240076,-0.1180599,0.2189837
-0.027043,-0.1784642,0.2881554
0.300416,-0.1590051,0.3356709
0.1570529,-0.1582623,0.5733384
0.04141575,0.06029874,0.2426293
0.02422373,-0.01510982,0.2385047
0.03089921,-0.03172915,0.2369832
0.01993157,-0.06719615,0.2367581
0.03031121,0.04287464,0.2386322
0.1727208,-0.1773907,0.5836001
0.02148344,-0.02196381,0.2272978
0.02424482,-0.03499994,0.2396359
0.05763371,0.01199577,0.2190674
0.03535692,0.03506772,0.2321364
0.2869136,-0.06645381,0.2784174
0.02030095,-0.05885382,0.2342031
0.027551,0.01846069,0.2408203
0.05843569,0.06236289,0.2256045
0.02423398,-0.1173767,0.2226346
0.07733668,0.03383934,0.2114352
0.07544495,0.0215317,0.2091111
0.04019484,0.06546263,0.2445963
0.03015526,0.05807202,0.2300632
0.4345793,-0.1774979,0.4595195
0.04359581,0.08061557,0.2369489
0.05458589,0.09219522,0.2182572
0.05537578,0.06131344,0.2159238
0.0325844,0.03950652,0.2523655
0.030434,0.04224209,0.2574413
0.02806272,0.04368728,0.2561822
0.1580951,-0.1598574,0.5777205
-0.001230597,-0.1719854,0.2815144
0.04240419,0.06015621,0.2439294
0.07318656,0.01987371,0.2129272
0.06338058,0.04831637,0.219868
0.07566118,0.04767647,0.2177214
0.06825322,0.03001793,0.2174359
0.03759436,0.039446,0.2414679
0.02488194,-0.01492253,0.2387222
0.02068564,-0.06731442,0.2377259
0.03129405,0.04274178,0.2399222
0.1747598,-0.1784155,0.5866541
0.02296032,-0.02222492,0.2293964
0.02480581,-0.03527524,0.240204
0.01456115,-0.1741038,0.2741139
0.03627945,0.03495306,0.2333335
0.02111514,-0.05902137,0.2352831
0.04005888,0.05871736,0.2547505
0.04316232,0.06521973,0.238015
0.04928048,0.06361871,0.2317022
0.07460338,0.03555107,0.2156827
0.3042399,-0.1603868,0.3373452
0.03414515,0.03922172,0.2546436
0.03202038,0.04195012,0.2597561
0.02963653,0.04339776,0.2584803
0.1605109,-0.1603415,0.5802922
0.000300318,-0.1720751,0.2835037
0.04349445,0.05994961,0.2455702
0.07465526,0.01962497,0.2151158
0.06491624,0.0480445,0.2221551
0.07712263,0.04741539,0.2199058
0.06943794,0.02982659,0.2192576
0.03900093,0.03919557,0.2435119
0.02685598,-0.01525687,0.2416533
0.03388701,-0.03256782,0.2399066
0.02177313,-0.06674985,0.2385104
0.03236087,0.04254896,0.241528
0.1764035,-0.1788761,0.5883254
0.02444647,-0.02245124,0.2315731
0.0267591,-0.03559275,0.2430794
0.01653568,-0.1743475,0.2768296
0.03723249,0.03479325,0.2347637
0.07951629,-0.1704277,0.213699
0.2900575,-0.06626046,0.2793074
0.0220231,-0.05833044,0.2355769
0.05789398,0.06112032,0.2343971
0.03827491,0.0593413,0.2547375
0.06471932,0.04071688,0.2283982
0.02990346,0.01922039,0.2431844
0.06020543,0.06204558,0.228153
0.04142804,0.05844396,0.2566995
0.02656847,-0.1179425,0.2259621
0.05086339,0.06333616,0.2340597
0.07607861,0.03529371,0.217882
0.06949452,0.04264434,0.2179727
0.06299061,0.06259125,0.2298521
0.04152414,0.06515706,0.2462859
0.0276068,-0.1190394,0.2240305
0.03140669,0.05782976,0.2316588
0.04489025,0.08023962,0.2386733
0.05617948,0.09180674,0.2206065
0.05636124,0.06107079,0.217425
-0.02330913,-0.1799889,0.2938291
0.0850141,0.02784736,0.216846
-0.0289136,-0.1858867,0.2670339
-0.02618139,-0.2098853,0.2770765
0.03230818,0.04190986,0.2600266
0.02993551,0.04335305,0.2587726
0.1605089,-0.1596311,0.5795059
0.0005227178,-0.1716162,0.2834473
0.07726654,0.04737603,0.2200792
0.03894365,0.03921903,0.2432469
0.02710412,-0.01519776,0.2420239
0.03414786,-0.03250646,0.2403023
0.0217817,-0.06652276,0.2385868
0.1752221,-0.1768057,0.5861923
0.02464016,-0.02239216,0.2317281
0.02686182,-0.03542034,0.2431884
0.01665731,-0.1738574,0.2768364
0.07994166,-0.1702545,0.2141125
0.2903256,-0.06611113,0.2795877
0.02200061,-0.0580846,0.2356023
0.05811089,0.06114725,0.2347288
0.03853875,0.05937187,0.2551168
0.06491807,0.04075417,0.2287144
0.03008552,0.01928209,0.2434388
0.0410535,0.05844947,0.2558498
0.02716278,-0.1174197,0.2258924
0.0332645,0.04608535,0.2527983
0.04478766,0.06488103,0.240296
0.05111656,0.06327219,0.2343374
0.07616164,0.03527953,0.217984
0.06960879,0.04268743,0.2181949
0.0632862,0.06261283,0.230298
0.02782954,-0.1181511,0.2238068
0.03116032,0.05845337,0.2304541
0.05600531,0.09222223,0.2202188
-0.02307147,-0.177977,0.2929465
0.08503264,0.02792498,0.2169646
0.1587688,-0.1579523,0.5755005
0.04409742,0.0611024,0.2453225
0.09869964,-0.1618756,0.563764
0.02178533,-0.06632208,0.2384955
0.03303401,0.04385357,0.2413887
0.1748078,-0.176028,0.5851225
0.05736251,0.01388015,0.2182157
0.03734769,0.03589608,0.2345713
0.07991152,-0.1698854,0.2140021
0.2896075,-0.06574307,0.2791324
0.02180074,-0.0577288,0.2351564
0.0601317,0.06320173,0.2276259
0.02709723,-0.1170418,0.2257178
0.07566214,0.02352145,0.2095325
0.04061794,0.06618463,0.2442172
0.02772309,-0.1177265,0.2235669
0.03088176,0.05874264,0.2300003
0.4282771,-0.1720549,0.4505396
0.04447882,0.08165491,0.2374038
0.05579977,0.09248564,0.2199406
-0.02312158,-0.1774792,0.2926229
0.000207901,-0.1693072,0.2822667
0.06515476,0.04991493,0.2222684
0.07715335,0.04914685,0.2193662
0.03810687,0.04113504,0.2421835
0.09549937,-0.1572094,0.5554973
0.1726213,-0.1741893,0.5808157
0.02434184,-0.02069443,0.2307253
0.03181913,0.04669265,0.2502486
0.0500802,0.06482778,0.2338071
0.02696796,0.02003289,0.2287702
0.4232135,-0.1697756,0.4461116
-0.023698,-0.1762616,0.2910775
-0.0001253784,-0.1687242,0.2814834
0.03428136,-0.03032953,0.2396885
0.09521419,-0.1568428,0.5545999
0.1681708,-0.170612,0.5716439
0.01585941,-0.1700703,0.274277
0.2870216,-0.0631382,0.2767192
0.03791796,0.06119841,0.2533029
0.02939104,0.0214757,0.2413196
-0.02958208,-0.1808214,0.263698
-0.0005495846,-0.1680556,0.2805002
0.09437633,-0.1560407,0.5522823
0.02094442,-0.0641869,0.237224
0.01562953,-0.1697516,0.2738129
0.2858731,-0.06280939,0.2758034
0.01991543,-0.05477605,0.2320975
-0.02982471,-0.1803135,0.2630371
0.09273672,-0.1546321,0.5481098
0.02084512,-0.06416741,0.2370886
0.1613842,-0.163833,0.558997
0.07887588,-0.1668498,0.2121322
0.01965901,-0.05465427,0.2316867
0.4024342,-0.1591213,0.4290529
-0.02548432,-0.1713244,0.2866281
-0.001303762,-0.1659492,0.2791428
0.08982567,-0.1517793,0.5428417
0.1604781,-0.1631886,0.5570079
0.07875346,-0.1667683,0.2120275
0.4001382,-0.158288,0.4270071
-0.02565086,-0.1709504,0.2860696
-0.001382142,-0.1659773,0.2790243
0.08995855,-0.1520321,0.5429719
0.1593129,-0.1624266,0.5545475
0.01434337,-0.1669038,0.2716979
0.07853894,-0.1667091,0.2118235
0.2811618,-0.06051259,0.2723918
0.02654119,0.04775963,0.2421177
0.397382,-0.1573345,0.4245261
-0.02592383,-0.170552,0.285355
-0.03123663,-0.1771624,0.2605131
-0.00157325,-0.1660311,0.2787724
0.09003343,-0.1523786,0.5432414
0.1580338,-0.1615347,0.5532382
0.01413617,-0.1669525,0.2714302
0.07852299,-0.1665476,0.2116684
0.2811269,-0.0607879,0.2724036
0.01804788,-0.05322065,0.2293014
0.0255164,0.04803502,0.2411289
0.3960021,-0.1565367,0.4239797
-0.02677006,-0.1701273,0.2849452
-0.03142235,-0.1771484,0.2601967
-0.002316497,-0.1660657,0.278326
0.09004059,-0.1527264,0.5436334
0.1579203,-0.1618118,0.5530606
0.0135216,-0.1664562,0.2704087
0.07859548,-0.1669122,0.2119415
0.2810061,-0.06107797,0.2724091
0.3961987,-0.1571222,0.4244297
-0.03197771,-0.1763856,0.258921
-0.002636634,-0.1656863,0.2775468
0.1565039,-0.1607955,0.5500479
0.07789962,-0.1662639,0.2110775
0.2808101,-0.061312,0.2718488
0.01688214,-0.05284524,0.2273511
0.3949082,-0.1565711,0.4231992
0.1533563,-0.1586147,0.5434626
0.01137904,-0.1653385,0.2667508
0.2804055,-0.06120588,0.2715895
0.02531379,0.04746541,0.2407455
0.3902722,-0.15486,0.4190738
-0.03352672,-0.1750656,0.254922
0.1494237,-0.1569289,0.536671
0.01432952,-0.0526622,0.2237699
0.02470665,0.04731631,0.2406939
-0.0004336238,-0.1567004,0.2647414
0.1482631,-0.1561495,0.5341163
0.3899692,-0.1555446,0.4159455
-0.002202973,-0.1540261,0.2606013
0.01707812,-0.1076617,0.2121582
0.2692463,-0.05947006,0.2640144
0.0585975,-0.1551615,0.5013661
0.3875467,-0.1546782,0.413972
-0.03873856,-0.1556666,0.2568605
-0.03842321,-0.1552298,0.2543039
-0.04326957,-0.1564215,0.250374
-0.01276798,-0.1487022,0.2404409
-0.004608378,-0.150925,0.2556595
-0.02845642,-0.1471977,0.2357904
-0.03338438,-0.1497419,0.2484304
0.01550954,0.007801842,0.2089936
-0.04737381,-0.1533545,0.2487819
-0.0001099855,-0.144761,0.5029271
-0.001487114,-0.1541348,0.4944207
0.035073,-0.1557268,0.6315399
-0.02885269,-0.1492331,0.2484049
-0.04831339,-0.1559514,0.2697166
0.06951432,-0.1517512,0.1954055
0.07144548,-0.155051,0.5007325
9.24468E-05,-0.1481688,0.24143
0.01345051,0.02352244,0.213775
0.04416265,0.06309157,0.2050491
0.05806062,-0.1546398,0.4996876
0.03340069,-0.1481955,0.1826012
-0.03886813,-0.1555697,0.2565817
-0.03840116,-0.1555065,0.254662
-0.04347748,-0.1561529,0.2500983
-0.01254942,-0.1492485,0.2404154
-0.004648551,-0.1506984,0.2552816
-0.02820933,-0.1478415,0.2359147
-0.03342032,-0.1498365,0.2481343
0.01632351,-0.1072883,0.2095592
0.04478455,-0.1527464,0.4934383
0.01542059,0.007867794,0.2086768
0.02676495,0.08158029,0.2161314
-0.04702076,-0.1546327,0.2510319
-0.03400373,-0.1525414,0.2352109
-0.02993567,-0.1531513,0.2358033
0.02098068,0.04842749,0.2204728
2.227724E-05,-0.1452362,0.5038344
-0.001168609,-0.155131,0.4964973
0.03418876,-0.1542724,0.6268185
0.2338559,-0.1638329,1.164752
0.1274591,-0.05763812,0.9751955
-0.00724145,-0.1458336,0.5245669
0.01282831,-0.1534365,0.6466556
0.1538502,-0.1622534,0.856133
-0.005223818,-0.1494842,0.2419873
-0.03637604,-0.1502433,0.3377991
0.01028707,-0.01518005,0.2084534
0.07255611,-0.1483289,0.200009
0.01576421,-0.1538402,0.2628769
0.008527108,-0.1485776,0.2541542
0.01151301,0.04673642,0.2256183
0.02461852,0.06096189,0.2154058
0.05429457,0.02508394,0.1898691
0.06953914,-0.1516205,0.1954602
0.06745289,-0.09691359,0.1911095
0.07155459,-0.1553183,0.5011715
0.01580163,0.0454467,0.213379
0.01023729,-0.0146837,0.2079486
0.0002056733,-0.1482062,0.2415912
0.02066627,0.06047992,0.2245677
0.02037246,0.06010518,0.2201287
0.05793852,-0.1551273,0.4986288
0.0278108,0.08044428,0.2121451
-0.03676259,-0.1506819,0.2538728
0.0337117,-0.1485965,0.1831459
-0.03874769,-0.1556526,0.2567689
-0.03826963,-0.1556692,0.2549475
-0.0433073,-0.1566811,0.2508171
-0.01237818,-0.1495034,0.2408292
-0.004870836,-0.1500277,0.2544156
-0.02802824,-0.1482162,0.2364623
-0.03327341,-0.1500717,0.2485163
0.01545595,-0.1057473,0.2075462
0.0458486,-0.1545601,0.4961258
-0.04682973,-0.155461,0.252115
-0.03354893,-0.1535804,0.2357617
-0.02985818,-0.1529408,0.2356701
0.05394196,0.05907636,0.2005986
0.02768293,0.08550534,0.2121477
0.01995533,0.04869012,0.2188199
0.0003811903,-0.1463797,0.5063557
-0.0005689859,-0.1569806,0.5005316
0.03388384,-0.1540104,0.6255189
0.2320281,-0.1630564,1.158789
0.0248951,0.05055333,0.210749
0.02804643,0.07513805,0.2123283
0.1310505,-0.05954598,0.9900053
-0.007317815,-0.1458127,0.5245768
0.01436635,-0.1565645,0.6536138
0.0445325,0.04236253,0.1931561
0.01404269,0.0397139,0.2138998
-0.005045678,-0.1497426,0.2424089
0.04472054,0.06948914,0.2024483
0.01016412,-0.01864903,0.2189474
0.09134755,-0.1685363,0.8647369
0.04910434,0.05297914,0.1917377
0.05201243,0.07295673,0.2037242
0.01051658,-0.0153455,0.2090276
0.02612328,0.08781081,0.2148869
0.04772097,0.08667189,0.1999402
0.04195246,0.06566758,0.2065009
0.01065589,0.03195319,0.2164768
0.02739953,0.06947849,0.2190508
0.03318155,0.06079867,0.2055931
0.01564476,-0.1536411,0.2627223
0.00910278,-0.1493762,0.2564013
0.07783505,-0.1565952,0.6349004
0.02268369,0.06852549,0.21978
0.0007694848,-0.1499515,0.255224
-0.02292189,-0.1510793,0.2554244
-0.02827179,-0.1513184,0.2509231
0.02672901,-0.1493836,0.4817478
0.04887572,0.04505401,0.1931221
0.03806182,-0.1498215,0.1796542
0.0244057,0.0360228,0.2057452
0.02690074,0.07102089,0.2152734
0.01003293,-0.0531563,0.2111373
-0.02241902,-0.1468926,0.2360236
0.0100762,-0.1397286,0.2049171
0.01071781,-0.1465122,0.2084799
0.02554866,0.08547182,0.220539
0.01106327,0.03928421,0.2240999
0.01108985,0.04491031,0.2207513
0.02441682,0.06086116,0.2150265
0.05594913,0.02454003,0.1918983
0.04715191,0.05007572,0.199041
0.06884621,-0.1503974,0.1942213
0.01808124,0.04222892,0.2094714
0.01536866,0.04532734,0.2125169
0.0003886558,-0.148418,0.2417867
0.06192793,0.05483291,0.2079158
0.03968771,0.06165253,0.2075974
0.04148474,0.04419791,0.1988153
0.01510309,0.04822539,0.2222709
0.05848065,0.05192135,0.1986756
0.02737511,0.06590252,0.2135058
0.03910428,0.06428088,0.2165281
0.05788147,-0.1545198,0.49719
0.02798646,0.08039609,0.2120294
-0.0384354,-0.1570813,0.2584644
-0.03807009,-0.1562136,0.2555565
-0.04306851,-0.1577052,0.2519869
-0.01213414,-0.1499899,0.2413509
-0.03300441,-0.1509779,0.2495667
0.04600639,-0.154355,0.4956132
0.02639259,0.08137836,0.214942
-0.02973912,-0.1529168,0.2355933
0.05719716,0.08975249,0.2078424
0.05507376,0.05916108,0.2021409
0.05679778,0.06899887,0.2039739
0.0280317,0.08580041,0.2127632
0.05695436,0.0345262,0.1885774
0.04075195,0.04503012,0.1980743
0.04543573,0.05597915,0.2048388
0.001009345,-0.1478172,0.5097952
0.0001927279,-0.1588701,0.5048298
0.03371457,-0.1535576,0.6239985
0.03863935,0.08578535,0.2014528
0.02835075,0.07541536,0.2128929
0.3770215,-0.156793,0.4926429
0.1312627,-0.05956166,0.9893546
-0.006992389,-0.1460782,0.5251954
0.01459995,-0.1564191,0.6530713
0.04646907,0.04170829,0.1955981
0.2187073,-0.1483666,0.2825613
0.3776115,-0.1546672,0.4601091
-0.005033221,-0.1493825,0.2419228
0.02940145,0.0500123,0.2154
0.044082,0.06226358,0.1993796
0.04510708,0.06945442,0.2028428
0.01057454,-0.01531707,0.2088212
0.02613407,0.0877144,0.2142891
0.01090027,0.03192345,0.2165508
0.01570399,-0.1530881,0.2620757
0.00916655,-0.1487896,0.2557182
0.07821512,-0.1568171,0.6354184
0.02259992,0.06848889,0.2188462
0.05483061,0.06045365,0.2010854
0.058785,0.04965456,0.1982558
0.2090217,-0.1548835,0.2892631
0.01481965,0.03661139,0.2139833
0.03844151,0.08983934,0.195002
0.001111884,-0.1507289,0.2561498
-0.02802248,-0.1521425,0.2518934
0.03062588,0.07194221,0.2022515
0.01979199,0.03881875,0.2067423
0.09639734,-0.1260585,0.9405779
0.01021156,-0.0530626,0.2109997
0.05709276,0.07073463,0.2084675
0.05940851,0.08540569,0.2035833
0.0507645,0.04850394,0.1923801
0.02413718,0.06640995,0.2183576
0.03314033,0.04446924,0.2022615
0.02261139,0.05854826,0.2169425
0.01649956,-0.1563309,0.4879884
0.02004076,-0.1524141,0.2722194
0.02560356,0.0772118,0.214263
0.01385884,0.04227776,0.2175405
0.05647767,0.02452461,0.1916677
0.04813449,0.04956917,0.2000884
0.01863907,0.04160548,0.2099983
0.0161566,0.04518295,0.2127301
0.06153176,0.05510134,0.2071732
0.0404595,0.06189142,0.2085989
0.02057839,0.06038094,0.2219414
0.04198347,0.04377105,0.199166
0.02104236,0.0591717,0.219896
0.0159355,0.04805398,0.2226579
0.05955964,0.05144849,0.1997734
0.04361891,0.06288771,0.2030857
0.01617684,0.02180659,0.2098951
0.02877399,0.08026815,0.2128465
0.04684174,-0.1552533,0.4969695
0.02709662,0.08127638,0.2157368
0.05571875,0.05901193,0.2021418
0.05845777,0.06887249,0.2059998
0.02883605,0.08561283,0.2130784
0.05824042,0.03396572,0.1898699
0.04138082,0.04493182,0.1979621
0.04707106,0.05544323,0.2069125
0.003343772,-0.1517695,0.5198371
0.03914921,0.08545405,0.2019257
0.02910948,0.07523273,0.2130588
0.01551851,-0.1579332,0.656335
0.04744679,0.04150138,0.1963519
0.216296,-0.1462206,0.2805595
0.04474837,0.06211924,0.200074
0.04524716,0.06929759,0.202114
0.01168462,-0.0161761,0.2108468
0.02678303,0.08757102,0.2147327
0.298098,-0.1459183,0.3747109
0.04710728,0.06504155,0.198988
0.01177786,0.0315935,0.2178459
0.03336019,0.06066869,0.2042814
0.01200591,0.02322356,0.2169884
0.05539199,0.06061729,0.2016709
0.05122639,0.03891765,0.199242
0.04960018,0.0335106,0.1937967
0.04811634,0.02270052,0.1916946
0.2091689,-0.1549398,0.2891217
0.03192144,0.07179755,0.2041329
0.02053799,0.03836196,0.2076875
0.1053499,-0.1352345,0.9831429
0.02462815,0.03608958,0.2043639
0.02596705,0.08518151,0.2196501
0.02531834,0.08171919,0.2199322
0.04350479,0.05910666,0.205952
0.03415002,0.04424695,0.2031785
0.02345064,0.05837433,0.2173636
0.01728216,-0.1565446,0.4879766
0.02656889,0.07704797,0.2151181
0.05377552,0.03095664,0.1919299
0.05269292,0.03337756,0.1923531
0.05692969,0.03912819,0.194312
0.06691645,0.04228766,0.1973614
0.03786557,0.06540959,0.209154
0.04540313,0.0522992,0.2057556
0.02425642,-0.1657264,0.6499244
0.05489697,0.04518119,0.1918258
0.0404511,0.08170581,0.2022275
0.03709755,0.04875483,0.2024776
0.03703063,0.08602303,0.2086746
0.03185048,0.06226283,0.2077959
0.03028656,0.04754528,0.2022615
0.02483781,0.06077045,0.2136461
0.01885452,0.04159655,0.210453
0.01631393,0.04516067,0.2130038
0.06132008,0.05519638,0.2062427
0.01556491,0.04824331,0.2207313
0.01680692,0.02143418,0.2116568
-0.01076494,-0.1530162,0.2454288
0.05846593,0.08888794,0.2087485
0.04136983,0.04495989,0.1976702
0.01494073,-0.156123,0.6510081
0.04454889,0.06927802,0.2003371
0.0121233,-0.01626402,0.2117785
0.3057817,-0.1507092,0.3821141
0.03422708,0.0293262,0.2065279
0.03951056,0.08930219,0.195625
0.03221867,0.07188115,0.20465
0.03480506,0.05349653,0.207731
0.3475447,-0.1611403,0.5278678
0.05189477,0.0443782,0.1976215
0.05851047,0.07055631,0.2099308
0.0328531,0.08972375,0.2094531
0.04556897,0.05234157,0.2057827
-0.02982098,-0.1566432,0.3170704
0.02424901,0.0616658,0.2131396
0.1209699,0.2519365,1.114981
0.1279794,0.2601418,1.138295
0.03203309,0.069744,0.2075492
0.01967783,-0.1392722,1.246571
0.008499043,0.03400649,0.2174362
0.06586684,-0.1115586,1.17473
0.1573056,-0.1495892,0.2868715
0.08398147,-0.1689759,2.33359
0.006402168,-0.1489195,1.24646
0.01494376,0.04191059,0.2209115
0.02522859,0.06078402,0.214203
0.00224825,-0.151092,0.2448822
0.06120862,0.05527654,0.2052809
0.01548439,0.0483927,0.2194951
0.01744921,0.02121773,0.2127856
-0.0107246,-0.152575,0.2446198
0.04007709,0.03413927,0.20871
0.04091654,0.04517602,0.1958974
0.002788025,-0.161218,0.5077141
0.01506367,-0.1543384,0.6507555
0.3048624,-0.1501593,0.380657
0.04003755,0.04222541,0.2089477
0.02832591,0.06896225,0.218473
0.03555027,0.05342077,0.2094081
0.05220306,0.04444269,0.1977135
0.05940878,0.07058781,0.2113496
0.03551019,0.04390138,0.2061595
0.02295471,0.05856871,0.2143996
0.05757113,0.03908157,0.1947734
0.06820717,0.04208563,0.1991349
0.01968289,-0.1385272,1.245425
0.04023609,0.07982861,0.2003285
0.3310901,-0.1473724,0.5341308
0.006582633,-0.1498833,1.255563
0.06450669,0.03142556,0.1907873
0.01455236,0.04166616,0.2205197
0.02560389,0.06033714,0.215753
0.04970515,0.04932508,0.203673
0.01939115,0.04138498,0.2127065
0.01710389,0.04479017,0.2156237
0.04267889,0.064813,0.2032583
0.02864531,0.06604439,0.2145814
0.01716898,0.0212964,0.2127089
0.05861725,0.08896172,0.2087388
0.04185895,0.04497394,0.1979749
0.01336866,0.03046848,0.2220933
0.06165796,0.04854053,0.2026558
0.04987972,0.03953977,0.195058
0.0518866,0.04452475,0.1974211
0.04210338,0.059014,0.2023191
0.06756392,0.04221474,0.1981276
0.007178833,-0.1592156,1.312388
0.1634476,0.2756082,1.042621
0.03478475,0.04451773,0.2050333
-0.0890816,-0.144793,2.737043
0.01014117,-0.1164523,0.2205194
-0.04961161,-0.1378067,1.211594
-0.0356653,-0.1577117,1.683528
-0.05060532,-0.1546131,2.384483
-0.006257867,-0.03922739,2.053121
-0.03674707,-0.1559028,1.232238
-0.02418304,0.3541754,3.081141
0.01488894,0.04171133,0.2200294
0.02596107,0.06036092,0.2153587
0.05074769,0.04903321,0.2052715
0.01978108,0.04136801,0.2131279
0.01744153,0.04483335,0.215104
0.05983765,0.05565142,0.2021652
0.04313549,0.06483672,0.2034231
0.01585946,0.04765147,0.2198999
0.02900452,0.06606278,0.2141568
0.01744634,0.02131376,0.212713
0.02988209,0.08593503,0.2156547
0.04224418,0.04497027,0.1978379
0.02827171,0.06904523,0.2175239
0.0626663,0.04803037,0.204197
0.0506327,0.03901442,0.196313
0.03421466,0.07192796,0.2095324
0.03705262,0.05339561,0.2133297
0.05225425,0.04451264,0.1975913
0.04252445,0.05902403,0.2023168
0.02426607,0.05833938,0.2166556
0.06792737,0.04179031,0.1985302
0.03513806,0.04453092,0.2047327
-0.08719312,-0.1399615,2.669193
0.01031175,-0.1160434,0.2196636
-0.04950049,-0.1371352,1.20691
-0.05065137,-0.1534697,2.369482
-0.03670547,-0.1551819,1.227475
0.03337465,0.04149562,0.2060672
0.05102791,0.04897095,0.2048537
0.02006428,0.04131826,0.2126848
0.06015171,0.0555838,0.201905
0.0160201,0.04766356,0.2192183
0.02921507,0.06606141,0.2141569
0.06045799,0.08935376,0.2100504
0.02853835,0.06905138,0.217917
0.03735051,0.05333193,0.2130386
0.3267432,-0.1482268,0.4967012
0.05251312,0.04448726,0.1977639
0.06822666,0.04171822,0.1982114
0.04834864,0.05176219,0.2105793
0.2897416,-0.1501983,0.4351516
0.06249357,-0.1025799,0.1898847
0.03529851,0.04453176,0.2043488
-0.05006758,-0.1398709,1.220784
0.05081328,0.04899132,0.2048365
0.01986616,0.04132625,0.2126522
0.05991971,0.05560721,0.2018412
0.02900815,0.06607331,0.214108
0.06019434,0.08934306,0.2099058
0.02831898,0.06914967,0.2178273
0.03715586,0.05333955,0.2131695
0.3269962,-0.1484036,0.4973105
0.05212787,0.04465735,0.197419
0.06805624,0.04173665,0.1983801
0.06167401,-0.101619,0.188643
0.03505327,0.04457629,0.2039746
-0.04971975,-0.1392745,1.215414
0.02625462,0.06004132,0.2144443
0.05103245,0.04895298,0.2047062
0.02009401,0.04130245,0.2125114
0.01739693,0.04487298,0.2135727
0.06023966,0.05555954,0.2021813
0.01571284,0.04738599,0.2181553
0.06053153,0.08936784,0.2102745
0.03025239,0.08591866,0.2158646
0.03739607,0.0533043,0.2131689
0.05244648,0.04463831,0.1974031
0.06832799,0.04167556,0.198486
0.04830302,0.0517514,0.2100744
0.06196046,-0.1016803,0.1887532
0.03562957,0.04459576,0.2045453
0.02642764,0.05995984,0.2144736
0.0513187,0.04903667,0.2047275
0.02029466,0.04140312,0.2124584
0.01757409,0.04479035,0.2136065
0.06090647,0.05522466,0.2027549
0.04498582,0.06431261,0.2068168
0.01588738,0.04730352,0.2181699
0.02984841,0.06642031,0.2145983
0.06106813,0.08904572,0.2109159
0.03044846,0.08591121,0.2158615
0.03735657,0.0531055,0.2130836
0.05266211,0.0445888,0.197338
0.06901947,0.0414532,0.1990141
0.04838289,0.05193285,0.2098456
0.06225754,-0.101836,0.188943
0.03581443,0.04451512,0.2046381
0.02353203,0.04475646,0.2119615
0.02663252,0.0599905,0.2143009
0.05151257,0.04907,0.204317
0.02047404,0.04146357,0.2119871
0.01776884,0.04482669,0.2134147
0.06112362,0.05525426,0.2024375
0.0160857,0.04734566,0.2179005
0.03066029,0.08599596,0.2155199
0.0528629,0.04456815,0.1973875
0.06921394,0.04146743,0.1986054
0.06244015,-0.1022432,0.189474
0.03603229,0.04451898,0.2048433
0.0237252,0.04479809,0.2114093
0.04100718,0.06903683,0.07597412
0.07439285,0.07191242,0.06347148
0.0903419,0.06905749,0.06515506
0.06921039,0.07955313,0.07537118
0.05693205,0.07207282,0.07039206
0.07255217,0.07617922,0.07062979
0.04115718,0.06858254,0.07608461
0.05815937,0.08026613,0.07837559
0.07455262,0.0714372,0.06368706
0.09051367,0.06857732,0.06554754
0.08417009,-0.07580636,0.05566791
0.04422268,0.07179863,0.07551181
0.07285462,0.0764623,0.06982264
0.04106203,0.06894722,0.0747584
0.05825004,0.0807671,0.07727404
0.07454867,0.07178126,0.06246321
0.09096647,0.06884215,0.06501204
0.08414288,-0.07543021,0.05463822
0.04418063,0.07210977,0.07434188
0.04103194,0.06898906,0.07441993
0.05820884,0.08081324,0.07700635
0.07454803,0.07185607,0.06207314
0.09092841,0.06889213,0.06471777
0.06988449,0.08030032,0.07450798
0.08411067,-0.07490869,0.05369765
0.04425897,0.07218202,0.07373866
0.04127327,0.06907667,0.07418048
0.04340328,0.06601338,0.07301202
0.07494745,0.07198357,0.06229623
0.09119008,0.06894405,0.06492016
0.07012565,0.08036655,0.07411945
0.08428676,-0.07439452,0.05387959
0.04456827,0.07225657,0.07312441
-0.002803184,-0.1268381,0.1237132
0.04142539,0.06910711,0.07374072
0.07511742,0.07200759,0.06224112
0.07022578,0.08038701,0.07434474
0.08443564,-0.0742784,0.05345267
-0.002540343,-0.126417,0.1230974
0.08506741,0.07235282,0.06625332
0.06326404,0.09012853,0.0762376
0.07539913,0.08973303,0.07849899
0.06039114,0.07220181,0.07005225
-0.02004373,-0.137081,0.1340681
-0.008229852,-0.1335635,0.1127287
0.08906504,-0.07946538,0.0718641
0.0632859,0.09002285,0.07672894
0.0754405,0.08962408,0.07897015
0.06044011,0.07208316,0.07048884
-0.008116111,-0.1336744,0.1130244
0.08920337,-0.07952338,0.07211301
0.07821894,0.04784043,0.08064532
0.06340756,0.089956,0.07713302
0.07537664,0.08960535,0.07977321
0.06050909,0.07200344,0.07096135
-0.008029163,-0.1338424,0.113344
0.089087,-0.08011366,0.07299412
0.06033888,0.07198234,0.07171912
-0.007076427,-0.1330322,0.1124828
0.08864579,-0.08111575,0.07448548
0.0688232,0.06608358,0.08074196
0.09211683,-0.07247499,0.07235929
-0.3487012,0.1264377,0.497928
-0.3621154,0.1251195,0.4794315
0.06398354,0.08951772,0.07639694
0.0745141,0.08981398,0.0822935
0.06016982,0.07200765,0.0721723
-0.008219704,-0.1348009,0.1148279
0.06858942,0.06602661,0.08096224
0.0842274,0.08430763,0.09636058
0.07468577,0.08782722,0.08274584
0.09859152,0.06530465,0.09599696
0.09564515,0.07255595,0.09687626
0.06191671,0.05957662,0.08338895
-0.3625208,0.1283901,0.5163046
-0.0211761,-0.138916,0.1302992
0.058479,-0.1352117,0.06059866
0.06135352,0.0907078,0.08295307
0.04567988,0.06474905,0.07300065
0.08375113,-0.08708047,0.06456225
0.09022556,-0.08652075,0.06866276
0.05951512,0.06220619,0.0717147
0.08111668,0.07659061,0.08598919
0.09351539,-0.08028235,0.07705379
0.05669078,0.06642576,0.06834225
0.06009735,0.05993598,0.07661906
0.06395826,0.06469999,0.08080794
0.06398854,0.08945177,0.07670546
0.07457692,0.08973411,0.08252031
0.066992,0.05742865,0.08575035
0.06023274,0.07192747,0.07239448
-0.00828068,-0.1350034,0.1151747
0.08822846,-0.08265021,0.07738499
0.06895046,0.06590091,0.08080714
-0.3625813,0.1282948,0.5167266
-0.02138415,-0.1392525,0.1308108
0.05865565,-0.1351173,0.06065881
0.0458142,0.06466599,0.07313546
-0.3829614,0.1271655,0.5059286
0.05668509,0.06634915,0.06865183
0.06025229,0.05985466,0.07671326
0.08770435,0.0860926,0.09737865
0.06370118,0.0695999,0.07166234
-0.2616775,-0.09690413,0.3484796
0.06380221,0.08945385,0.07713687
0.07447995,0.0897198,0.08284558
0.06009591,0.07189528,0.07274774
0.08839459,-0.08253309,0.07731504
0.06259501,0.05944774,0.08289186
0.06155626,0.09055257,0.08314454
-0.3798574,0.1266842,0.502807
0.05677743,0.06629769,0.06870132
0.06057017,0.05980644,0.07644597
0.07398956,0.08978561,0.08368858
0.05967805,0.07187909,0.07337997
0.08827181,-0.08271873,0.07760604
0.09825678,-0.08303964,0.07921173
0.09147007,-0.07398574,0.07455287
0.08326162,0.08436574,0.09874792
0.06211123,0.09035946,0.08240443
0.06987979,0.0564117,0.0923275
0.08325156,-0.08805251,0.06594699
0.08980219,-0.08743115,0.07000139
0.09317614,-0.08106339,0.07830707
0.05615719,0.06627475,0.06957016
0.06087302,0.05975331,0.07609514
0.07508722,0.06886943,0.08298028
-0.4523584,0.123168,0.4952696
0.06278962,0.08949761,0.07912885
0.07394052,0.09006725,0.08413861
0.05941682,0.0718171,0.07416254
0.06171642,0.09132841,0.08034462
0.08283305,0.08462423,0.1002275
0.06200418,0.08756062,0.0794586
0.06451255,0.05936476,0.07974099
0.06176788,0.09046708,0.08332711
0.07026647,0.05645716,0.09156977
0.0828163,-0.08813918,0.06669954
0.09295595,-0.08156642,0.07906961
0.05573985,0.0658581,0.07044453
0.06168121,0.05970252,0.07456569
0.06516673,0.06471091,0.08060075
0.06154546,0.07216297,0.080718
0.06427552,0.09267202,0.0842279
-0.4519825,0.1231432,0.4950895
0.009190977,-0.1381879,0.08952654
0.08272873,-0.08431786,0.06688602
0.06283525,0.08952112,0.0792132
0.07399346,0.09009013,0.08422123
0.05960925,0.07181837,0.07408215
0.06486517,0.05936959,0.07946841
0.06194207,0.09046058,0.08326648
0.08296985,-0.08808424,0.06661861
0.0898964,-0.08651394,0.06951773
0.05573888,0.06587416,0.07056396
0.06201296,0.05970823,0.07432942
0.08590762,0.08625834,0.1019792
0.06612083,0.06459949,0.07883471
0.06479599,0.06926817,0.07247503
-0.4515753,0.1230371,0.4950727
0.009323508,-0.1381773,0.08949187
0.07383738,0.0901211,0.08462442
0.05993438,0.07176743,0.07392779
0.09708343,-0.08486359,0.08147304
0.08272494,0.08466984,0.1007893
0.06190141,0.09046023,0.08351159
0.08307908,-0.08807021,0.06669539
0.08991832,-0.08660756,0.06970547
0.09303104,-0.0817337,0.07932214
0.05579956,0.06584863,0.07069238
0.06633937,0.06456959,0.07881212
-0.4505988,0.1229035,0.4944431
0.07344757,0.09005718,0.08519558
0.05997942,0.07162418,0.07398296
0.08259577,0.08453859,0.1010265
0.06214529,0.08739743,0.07973044
0.08448543,0.08812723,0.1026256
0.06162673,0.09036703,0.0839237
0.08975392,-0.08673017,0.06994054
0.07953289,0.07632343,0.09170384
0.09290033,-0.0818171,0.07950953
0.05579832,0.06571656,0.07080361
0.06306167,0.05954008,0.07347915
0.06621084,0.06447707,0.07901562
0.07310931,0.06901351,0.08637313
-0.4458634,0.1223683,0.4905367
0.07333758,0.09004417,0.08599472
0.06010604,0.07163116,0.07344936
0.08228162,0.0849253,0.1021176
0.08413725,0.08860474,0.1037525
0.06164743,0.09052038,0.08380131
0.09307318,-0.08162887,0.07913011
0.05600932,0.06536721,0.07049473
0.0632931,0.05923112,0.07307768
0.06651618,0.06446423,0.07868126
0.07289386,0.06894806,0.08664122
0.07323889,0.09008311,0.08608715
0.06003009,0.07165069,0.07351641
0.06124969,0.09247193,0.08133021
0.07090068,0.05553016,0.09164055
0.05593339,0.06538227,0.07056257
0.06661312,0.06469502,0.07848942
0.07255331,0.06896316,0.08707674
0.06434742,0.09318934,0.084479
0.08239388,-0.08463761,0.06755732
0.07302593,0.09014466,0.08626697
0.05992611,0.07167284,0.07354905
0.07038485,0.05552068,0.09216332
0.05590501,0.06539741,0.0705216
0.0666755,0.06472263,0.07837468
0.08593494,0.07182281,0.09394097
0.06627032,0.05897528,0.09485421
0.06615709,0.06960458,0.08163997
0.09234913,-0.08405145,0.07614506
0.08599211,-0.08338048,0.06946816
0.07293332,0.0901233,0.0862807
0.05986384,0.07163995,0.07352318
0.08353774,0.0887353,0.1043912
0.0700172,0.05547445,0.09249228
0.05607833,0.06535697,0.07028525
0.09013437,0.06742468,0.1032951
0.08583295,0.07179596,0.09397997
0.06601252,0.05893894,0.09505573
0.06578176,0.06958961,0.0819402
0.09488639,-0.04256815,0.08098876
0.07141148,0.09206917,0.08776605
0.09238841,-0.08402301,0.07603236
0.07928966,0.08683931,0.0962359
0.09630759,-0.06013689,0.08288871
0.0732476,0.08307871,0.09007739
0.09718609,-0.06564677,0.08199945
0.08603071,-0.08335193,0.06935494
0.07302015,0.09004238,0.08620648
0.05987744,0.07168815,0.07386105
0.08995239,0.06749991,0.1041053
0.0859974,0.07189238,0.09386468
0.06600598,0.05908981,0.09537359
0.09627847,-0.07018732,0.08033724
0.06578813,0.06931712,0.08187367
0.08267616,-0.08424522,0.06758153
0.09452355,-0.04321693,0.08202112
0.09052664,0.07000035,0.1005352
0.0715626,0.09211655,0.08769585
0.0924397,-0.08409733,0.07603259
0.0795259,0.08686896,0.09607364
0.07350942,0.08310795,0.08989327
0.09710042,-0.06584239,0.08216941
0.08607735,-0.08342491,0.06934942
0.0574884,0.05962972,0.07123193
0.07312167,0.09006254,0.08607665
0.06003417,0.07170254,0.07368319
0.0833105,0.08816034,0.1049529
0.08249693,0.09515639,0.1062921
0.09261601,0.07162102,0.106463
0.07052942,0.05606166,0.09336245
0.09008434,0.06751314,0.1039389
0.08612506,0.07190621,0.09370418
0.06623802,0.05910459,0.09511577
0.09632494,-0.07021559,0.08023532
0.06600152,0.06932642,0.08164191
0.08268984,-0.08429842,0.06749895
0.09463345,-0.04319265,0.08185644
0.0911563,-0.004168253,0.0932029
0.09119126,-0.04093233,0.09059466
0.09054579,0.07002494,0.1005007
0.09200293,-0.08458422,0.0764703
0.07984534,0.08679372,0.09573153
0.07397281,0.0830216,0.08942862
0.09647061,-0.06647303,0.08286722
0.08566308,-0.08386463,0.06972444
0.05782755,0.05959604,0.07096036
0.07278261,0.09012488,0.08623451
0.05994259,0.07171683,0.07361747
0.08285367,0.08825018,0.1052798
0.08210324,0.09524275,0.1065463
0.09211291,0.07168645,0.106876
0.06527868,0.06467709,0.08026892
0.08952443,0.06757229,0.1044064
0.08579455,0.07195029,0.09388036
0.06598353,0.05912797,0.0951971
0.09640005,-0.06999078,0.07999368
0.08257914,-0.0842503,0.06746344
0.09470347,-0.04301441,0.08161691
0.09113853,-0.004088629,0.09304409
0.09134378,-0.04070461,0.09025478
0.09167635,-0.08513418,0.07677311
0.07997577,0.08658811,0.09498259
0.09503084,-0.06152642,0.08466992
0.07404014,0.08294433,0.08896706
0.08535534,-0.08433078,0.06998864
0.0572664,0.05961629,0.0712385
0.06409582,0.04896948,0.07556833
0.07247838,0.09010857,0.08640232
0.06011994,0.07163425,0.07337121
0.08413967,0.07693293,0.1077534
0.08240518,0.08826439,0.105645
0.08184382,0.09522119,0.1066966
0.0912354,0.07171632,0.1077954
0.06489646,0.06468029,0.08044948
0.08856942,0.06758615,0.1053878
0.08519948,0.07194703,0.0943863
0.06622756,0.05906588,0.09483426
0.09630609,-0.06999393,0.0799382
0.08251055,-0.0842267,0.06739447
0.09457614,-0.04305575,0.08160048
0.09137714,-0.003982123,0.09261944
0.07118212,0.09149779,0.08722339
0.09148699,-0.08524495,0.07681023
0.07980292,0.08670341,0.09503413
0.09483999,-0.06161363,0.08472609
0.07401371,0.08302529,0.08887736
0.09599136,-0.06699178,0.08434949
0.08533223,-0.08428861,0.06987589
0.05721077,0.0599128,0.07133295
0.0964904,-0.06990982,0.08872164
0.09541252,-0.08843374,0.08204714
0.09598711,-0.06476526,0.08969454
0.06390329,0.04891444,0.07561924
0.09354185,-0.02448163,0.08210581
0.08402056,-0.09058152,0.07078594
0.07246326,0.08987877,0.08631081
0.08451758,0.07689072,0.1072528
0.0823009,0.08800346,0.1057119
0.08212827,0.09475888,0.1060788
0.09196493,0.07132626,0.1063735
0.08862425,0.06768189,0.1052621
0.08533363,0.07196365,0.09412283
0.06585534,0.05893583,0.0952831
0.09594856,-0.07020447,0.08048792
0.08196728,-0.08469001,0.0681119
0.09443477,-0.04303452,0.08179296
0.07155593,0.0914394,0.08679969
0.09198901,-0.0847661,0.07626739
0.07986332,0.08672334,0.09486792
0.09433994,-0.0619733,0.08510978
0.09739603,-0.06894175,0.08731302
0.09415698,-0.08978806,0.08383261
0.064785,0.04888659,0.07453693
0.09426074,-0.02402086,0.08102464
0.05112973,0.06839642,0.0673409
0.06410025,0.06412394,0.07187193
0.06457041,0.07239364,0.07710335
-0.3970835,-0.1254667,0.2747736
-0.5864439,-0.1034684,0.3335117
0.07816388,-0.1351886,0.148032
0.07240452,0.08986215,0.08620709
0.06075695,0.07170229,0.07197416
0.0818882,0.09478444,0.1061222
0.08842483,0.06768472,0.1052698
0.08534457,0.0719433,0.0939551
0.06598675,0.05892076,0.09504034
0.09598839,-0.07008631,0.08028594
0.08188185,-0.08466301,0.06800996
0.09431735,-0.04303613,0.08171435
0.0918684,-0.03913485,0.08951017
0.07191284,0.09135978,0.08632252
0.09251283,-0.08421137,0.07561268
0.07950312,0.08681429,0.09502079
0.09366947,-0.06242127,0.08556353
0.07140531,0.08358616,0.09084016
0.097333,-0.06890304,0.0871879
0.0942746,-0.08958495,0.08356699
0.0973298,-0.06318383,0.08708967
0.06479615,0.0488855,0.07439248
0.09408146,-0.02405124,0.08099465
0.05061576,0.05674496,0.06563561
0.07567364,0.07154021,0.08075695
0.09863928,-0.03936484,0.0877452
0.05147728,0.06837992,0.0669509
0.06340106,0.04896725,0.06788348
0.06709696,0.09034841,0.08536568
0.06416838,0.06410856,0.07169721
0.06477259,0.07235458,0.07684125
-0.5834513,-0.1029321,0.3321721
0.07934168,0.09746751,0.107538
0.09700622,-0.0888635,0.0926813
0.07245673,0.08984493,0.08611879
0.06106724,0.07165956,0.07173347
0.08186887,0.08805741,0.1058752
0.09116931,0.07139063,0.1068806
0.06582299,0.06559718,0.07918104
0.08815551,0.06769641,0.1054626
0.08534141,0.0719303,0.09390865
0.06660253,0.05888037,0.09454405
0.09229365,-0.03893291,0.08910462
0.07223764,0.09110115,0.08580914
0.09261797,-0.08411182,0.07535757
0.07899085,0.08724915,0.09563024
0.06709003,0.08679749,0.08116625
0.07563482,0.07149747,0.08069843
0.06393291,0.0486858,0.06729154
0.06477341,0.06405471,0.07127915
0.06555258,0.07225654,0.07630035
0.07862902,0.09752426,0.1083481
0.07731068,-0.1359974,0.1486824
0.09665559,-0.07010455,0.08774585
0.09820867,-0.01052571,0.08752406
0.07254837,0.08986165,0.08598623
0.06157897,0.07163463,0.07136472
0.0903829,0.07152286,0.1075367
0.0660356,0.06564661,0.07899138
0.08766674,0.0677787,0.1058361
0.08503616,0.07200055,0.09409031
0.06709974,0.05889026,0.0941223
0.07251604,0.09118392,0.08554283
0.07934855,0.08731671,0.09531157
0.09438466,-0.06134025,0.08335765
0.0657485,0.04890518,0.07368635
0.06743576,0.08686866,0.08086323
0.07590213,0.07157843,0.08044022
0.06434353,0.04877098,0.06696808
0.06555805,0.06402832,0.07074595
0.06624764,0.07220912,0.07579938
0.0792138,0.09753554,0.1078576
0.09852369,-0.038864,0.08435907
0.08345467,0.07668974,0.1078608
0.09659982,-0.07013461,0.08774584
0.09540156,-0.03305801,0.0892228
-0.5531678,-0.248866,0.2886437
0.09701826,-0.01097373,0.08845288
0.09698065,-0.005912587,0.08852667
-6.5262,-1.566503,2.675892
0.06709316,0.1084123,0.08287027
0.07778332,0.07616187,0.09185951
0.07253219,0.09033138,0.08610682
0.06197186,0.07182042,0.07068568
0.0658271,0.06568881,0.07905889
0.08726506,0.0675658,0.106472
0.08510543,0.07205984,0.09395704
0.06732911,0.05900837,0.09376986
0.08409427,-0.08252465,0.06606501
0.07956216,0.08730467,0.09511603
0.09415586,-0.06147821,0.08343191
0.06563514,0.049068,0.07378471
0.09636717,-0.02283309,0.07892302
0.06739646,0.08690639,0.08082946
0.07556692,0.0716429,0.08057509
0.06440349,0.04879903,0.06687669
0.06934983,0.08982368,0.08359896
0.06620041,0.06441796,0.07008754
0.06662291,0.07220578,0.07536387
0.0981016,-0.03907739,0.08457266
0.09644742,-0.07034999,0.0878801
0.09437913,-0.03339992,0.09033493
-0.5258737,-0.2389656,0.276154
0.09608254,-0.01122894,0.08952413
0.09619999,-0.006106455,0.08941519
0.07759315,0.07621522,0.09192682
-0.7427027,-0.220714,0.3276851
-0.4167331,-0.1965508,0.1854037
-0.6387875,-0.2472823,0.2181544
0.07548822,0.05935863,0.07841308
0.06729439,0.106512,0.08278518
0.07253297,0.07542796,0.08365632
0.06707284,0.09234281,0.0812985
0.05652425,0.08492417,0.07309002
0.08014405,0.0883111,0.09376948
0.06169382,0.07173651,0.07042037
0.08696768,0.06747782,0.1062171
0.06701842,0.05892363,0.09351754
0.08380091,-0.08259974,0.06579006
0.09254104,-0.08399294,0.07494693
0.09413083,-0.06128121,0.08314215
0.09419811,-0.0651532,0.08950093
0.0960919,-0.0229091,0.07864702
0.07502469,0.07172044,0.08061716
0.09863921,-0.03982544,0.0871224
0.06393711,0.04884404,0.06684911
0.06634237,0.07212125,0.07509996
0.09610112,-0.07046358,0.08763744
0.09412903,-0.03346143,0.09003788
0.09583984,-0.01129582,0.08922654
0.09592941,-0.006184261,0.08913581
0.07692274,0.0763168,0.09207168
0.07692832,0.09114404,0.09637897
-0.7436078,-0.2208804,0.327402
-0.6415781,-0.2481,0.2183502
0.07501781,0.05913245,0.07849474
0.07303493,0.07515551,0.08275691
0.06769675,0.09198888,0.08031289
0.0571135,0.08385893,0.07493806
0.07395001,0.08902109,0.09103702
0.09850441,-0.02721211,0.08754452
0.06792487,0.05914877,0.09732629
0.09516028,-0.0273518,0.07874739
0.07218803,0.09026432,0.08574174
0.06165314,0.07175262,0.07030334
0.08921906,0.0715245,0.1086434
0.0655227,0.0647427,0.07885396
0.08693367,0.06748974,0.1060936
0.06695981,0.05893936,0.09340617
0.08372238,-0.08260849,0.0656877
0.07189842,0.09124866,0.08544282
0.09377505,-0.06145053,0.08369739
0.09413128,-0.06514872,0.08939467
0.09605972,-0.02289042,0.07852697
0.06670962,0.08703929,0.08078558
0.07485348,0.07159422,0.08069573
0.06576113,0.06435838,0.06975836
0.06630306,0.07213663,0.07498291
0.09601092,-0.07047619,0.08754617
0.09408502,-0.03344499,0.08991989
0.09579837,-0.01128036,0.08910946
0.09588353,-0.006170638,0.08902202
0.0765875,0.0761686,0.09232414
-3.383608,1.695679,3.027288
-0.7455033,-0.2212582,0.3276237
-0.6435727,-0.248635,0.2184992
0.07502374,0.05920245,0.07835409
0.06739689,0.1074996,0.08244281
0.07304515,0.0752241,0.08261322
0.06770574,0.09205745,0.08016995
0.06519423,0.060883,0.07857648
0.06287827,0.09025986,0.08041306
0.06709325,0.05269621,0.07783224
0.07362117,0.08886358,0.09119322
0.09862979,-0.02719323,0.08718673
0.06583707,0.05942534,0.07050798
0.06742863,0.05887455,0.09771737
0.09495483,-0.02745095,0.07886467
0.07212096,0.09027348,0.08567765
0.06162533,0.07175779,0.07021858
0.08904932,0.07154166,0.1086523
0.08686291,0.0674949,0.1060317
0.08459249,0.07200611,0.09359197
0.06692557,0.05894427,0.09331803
0.08366601,-0.08260408,0.06561039
0.07189395,0.09125389,0.08531707
0.09204249,-0.08337358,0.07492839
0.07936776,0.08654553,0.09457355
0.09376641,-0.06143732,0.08357199
0.09407529,-0.06514078,0.08931681
0.06516914,0.0490064,0.07336574
0.09600294,-0.0228866,0.07845673
0.06660639,0.08706439,0.08070664
0.07488686,0.07159626,0.0805522
0.09826639,-0.03917075,0.08719806
0.06874497,0.08980601,0.08326598
0.06561694,0.06437239,0.06972476
0.06626008,0.07214268,0.07490517
0.09594023,-0.07047857,0.08747789
0.09402914,-0.03343893,0.08984479
0.0957462,-0.01127408,0.08903488
0.09582731,-0.006165989,0.08895052
0.07654427,0.07617908,0.09221888
0.07719062,0.09108538,0.09597719
-3.482546,1.739899,3.107708
-0.7464164,-0.2214076,0.3275198
-0.6444169,-0.2488214,0.2183601
0.0750066,0.05920912,0.07826132
0.0671988,0.1075554,0.08243924
0.07314084,0.07521384,0.08246247
0.06770213,0.09205879,0.08007032
-5.616607,2.55861,2.733632
0.07184182,0.09010681,0.08544955
0.06170671,0.07196098,0.07047251
0.08873744,0.07111286,0.1086286
0.08681148,0.06769826,0.1059299
0.08468084,0.07182746,0.09397437
0.06663635,0.05865306,0.09311638
0.08346066,-0.0824319,0.06565039
0.0719078,0.09127721,0.08519994
0.09206206,-0.08336256,0.07476099
0.07942826,0.08655432,0.09443133
0.09406088,-0.06502624,0.08955698
0.06506394,0.04876686,0.07346979
0.09575565,-0.02266437,0.07827979
0.06665933,0.0870814,0.08056638
0.07496567,0.07160755,0.0803971
0.09831521,-0.03915242,0.08702818
0.0656106,0.06436615,0.06993002
0.06621148,0.07225892,0.07484903
0.09585397,-0.07038514,0.08759216
0.09391776,-0.03331234,0.08986752
0.09563331,-0.01120191,0.08900879
0.09579836,-0.006155994,0.08904619
0.07656665,0.07619464,0.09209443
-0.7470763,-0.221696,0.3287872
0.07495308,0.05921016,0.07817246
0.06695247,0.1076144,0.08245706
0.07316989,0.07520279,0.08233544
0.06754516,0.09208338,0.08003882
0.06168547,0.07189872,0.07037005
0.08869538,0.07104906,0.1085389
0.08675303,0.0676368,0.1058512
0.08465028,0.07176383,0.09387907
0.06663555,0.05858889,0.09299828
0.08338544,-0.08251499,0.0655715
0.07187587,0.09128705,0.0851671
0.07945628,0.08655092,0.09436411
0.09397765,-0.06511043,0.08949019
0.06505501,0.04870648,0.07336095
0.09568308,-0.02273646,0.07820931
0.06646647,0.08712239,0.08060996
0.07506196,0.07160239,0.08029963
0.09826311,-0.03915298,0.08700679
0.06558245,0.06430525,0.06983148
0.06620531,0.07219423,0.07474031
0.09574312,-0.07049003,0.08754279
0.09382257,-0.03339595,0.08980994
0.09556301,-0.01127123,0.08893789
0.09573705,-0.006221805,0.08897012
0.07653923,0.07620285,0.09205881
0.07742421,0.09155804,0.09565181
-3.657987,1.80292,3.242821
-0.7466139,-0.2216124,0.3281982
-0.6434667,-0.2464519,0.219741
0.07501033,0.05926986,0.07818714
0.07354608,0.07550552,0.08239706
0.0677238,0.09212558,0.08019534
0.06165953,0.07189175,0.07033696
0.08053361,0.08751015,0.1051904
0.0886173,0.07104269,0.108536
0.06588331,0.06558785,0.07871638
0.08673684,0.06762361,0.1058051
0.08459583,0.07175735,0.09386177
0.08328755,-0.08255262,0.06555644
0.07945538,0.08655837,0.0943971
0.09389557,-0.06513276,0.08947709
0.06512649,0.04870263,0.07328092
0.09559877,-0.02274962,0.07820307
0.0665364,0.08720864,0.08059609
0.07530861,0.07180553,0.08039391
0.09838314,-0.03925274,0.08725734
0.06826596,0.08921847,0.08315379
0.06545325,0.06430914,0.06984313
0.06622078,0.07218143,0.07468827
0.09560288,-0.07055412,0.08756549
0.09374022,-0.03341144,0.08980087
0.09550031,-0.01127555,0.08892014
0.09569554,-0.006219156,0.0889398
0.07645394,0.07621624,0.09196107
0.07760055,0.09149374,0.09549649
-3.737569,1.836812,3.306918
-0.6386245,-0.2449608,0.2181489
0.074918,0.05927265,0.07824026
0.07351744,0.07550071,0.0824193
0.06178173,0.07184921,0.07039632
0.08066915,0.08744778,0.1052406
0.08867586,0.0709931,0.1086371
0.06599107,0.06554491,0.07867389
0.08684799,0.0675687,0.1058684
0.08469139,0.07170777,0.0939401
0.07166469,0.09058008,0.08518096
0.092352,-0.08406445,0.07477778
0.07969533,0.08647472,0.09413283
0.09384513,-0.06525116,0.08961351
0.06534129,0.04866181,0.07329383
0.09557703,-0.02283299,0.07833184
0.06678702,0.08713078,0.08032044
0.07555519,0.07172687,0.08012222
0.0986037,-0.03933537,0.08697756
0.06836845,0.08917262,0.08322696
0.06540576,0.06428183,0.06997608
0.06638637,0.07213138,0.07472903
0.09544209,-0.07075314,0.08776904
0.09368798,-0.03351315,0.08994745
0.09549877,-0.01134704,0.08904302
0.09571084,-0.006283633,0.08905388
0.07669409,0.07613386,0.09169144
0.07792966,0.09138845,0.09543663
0.07496671,0.05923188,0.07823201
0.0736587,0.0754519,0.08236797
0.06175423,0.07195859,0.0703477
0.08083145,0.08762725,0.1053838
0.08880469,0.07102895,0.1088927
0.06582466,0.06553861,0.07872513
0.08698747,0.0676693,0.1060848
0.08474083,0.07174867,0.09408776
0.07147962,0.09056342,0.0852527
0.09213904,-0.08411267,0.07485668
0.07950711,0.08645726,0.09420787
0.09373598,-0.06572405,0.08956662
0.06539431,0.04875253,0.07343887
0.09559418,-0.02319523,0.07857281
0.06660278,0.08711476,0.08038977
0.0753746,0.0717112,0.08019227
0.09839807,-0.03936559,0.08706123
0.06847604,0.08928768,0.08332472
0.06524858,0.06402865,0.0701112
0.06651317,0.07229958,0.07486066
0.09358546,-0.03396425,0.09013307
0.09544241,-0.01157841,0.08920167
0.09559119,-0.006492075,0.08908713
0.07650137,0.07611763,0.09176703
0.07805958,0.09157287,0.09527655
0.07488927,0.05921835,0.07824366
0.0735902,0.07543317,0.08237493
0.06175914,0.07192853,0.07022545
0.08080688,0.08759264,0.1052842
0.0887872,0.07099007,0.1087875
0.06568864,0.06511206,0.0787494
0.08697742,0.06763013,0.1059735
0.08473544,0.07171177,0.0939763
0.06650387,0.05894687,0.09202136
0.08330907,-0.08346239,0.06564467
0.07156326,0.09053018,0.08526231
0.09214917,-0.08418809,0.07488841
0.07956873,0.08642686,0.09423073
0.09371437,-0.06575867,0.08943848
0.06539564,0.04872172,0.07331467
0.09558274,-0.02322954,0.07845184
0.06669244,0.08708154,0.08039536
0.07544632,0.07168067,0.08020723
0.09844047,-0.03941295,0.08708452
0.06846286,0.08925786,0.0832158
0.06525753,0.06399775,0.06998721
0.06651607,0.07226815,0.07474075
0.09538157,-0.0714528,0.08790581
0.09356935,-0.03399902,0.09000875
0.09542909,-0.01161423,0.08908196
0.09557858,-0.006528035,0.08896819
0.07656367,0.07608677,0.09178722
0.07805938,0.09153549,0.09516323
0.07477461,0.05930877,0.07799487
0.07347715,0.07556645,0.08207506
0.06669009,0.09182194,0.0805901
0.06152165,0.07194594,0.07023728
0.08053635,0.08761267,0.1053205
0.08852543,0.07100579,0.1088179
0.06533149,0.06508457,0.07883616
0.0867226,0.06764483,0.1059982
0.08449067,0.07172702,0.09399456
0.06624906,0.05896246,0.0920409
0.07145347,0.09053822,0.08532926
0.07947437,0.08677578,0.09425098
0.0934442,-0.06576441,0.08945632
0.06517339,0.0487381,0.07331711
0.0953432,-0.02321439,0.0784568
0.06659688,0.08711445,0.08050433
0.07532577,0.07180846,0.08023697
0.06819485,0.08928058,0.08324571
0.06501605,0.06401561,0.07000019
0.06627232,0.07228591,0.07475595
0.09511089,-0.07146008,0.08792339
0.09332386,-0.0339877,0.09001543
0.09519014,-0.01159974,0.08908769
0.09533396,-0.006515089,0.08897813
0.07648498,0.07621147,0.09195906
0.07779585,0.09155597,0.09519413
0.07441112,0.05928194,0.07808535
0.07312155,0.07553847,0.08216359
0.06631868,0.09179811,0.08068761
0.06141824,0.07197171,0.07022459
0.08038442,0.08764644,0.1053393
0.0883847,0.07103512,0.1088305
0.06511237,0.06510171,0.07887967
0.0865937,0.06767225,0.106002
0.08437856,0.07175334,0.09398738
0.06611198,0.05898932,0.09204473
0.09195058,-0.08488451,0.07494329
0.07904123,0.08679026,0.09438758
0.09329987,-0.06576612,0.08946328
0.06510703,0.04876345,0.07328652
0.09524082,-0.02318608,0.07844066
0.06617059,0.08712779,0.0806362
0.07489854,0.07182367,0.08036951
0.09804532,-0.03992802,0.0872338
0.06491408,0.06404188,0.06998665
0.06616293,0.0723124,0.07474618
0.09496006,-0.07146801,0.08793415
0.09321474,-0.03396391,0.09000235
0.09509276,-0.01157022,0.08906866
0.09522539,-0.006488804,0.08896629
0.07605903,0.07622479,0.0920907
0.07767497,0.09158329,0.09519248
0.07418479,0.0593008,0.07813321
0.07289857,0.07555692,0.0822107
0.0660681,0.0918228,0.08074815
0.07259879,0.08887824,0.09074026
0.06599572,0.05980718,0.06982387
0.06817763,0.05957023,0.09695882
0.0947929,-0.02783314,0.07885306
0.06134656,0.07190009,0.07020368
0.08030871,0.08773612,0.1053066
0.08838351,0.07100467,0.1089476
0.06498964,0.06511015,0.07889134
0.08656883,0.06759343,0.1060691
0.08428191,0.07172322,0.09391052
0.06625587,0.05886247,0.09251169
0.08305427,-0.08377939,0.06564154
0.09174703,-0.08487456,0.07498524
0.07882369,0.08679467,0.09445678
0.09342936,-0.06604831,0.08953768
0.06502789,0.04856397,0.07317363
0.09530124,-0.02343253,0.07847432
0.06595835,0.08713274,0.08070206
0.0746929,0.07182877,0.08043093
0.09783512,-0.03992135,0.08728527
0.06483506,0.0641169,0.06993955
0.06609608,0.07227454,0.07472336
0.0950634,-0.07173333,0.08798577
0.0932018,-0.03413733,0.08990589
0.09508552,-0.01172641,0.0890424
0.09522788,-0.006608557,0.08900451
0.07584029,0.07622975,0.092159
0.07770735,0.09126616,0.09536768
0.0740554,0.05931011,0.07814851
0.07281567,0.07555909,0.08220432
0.06592718,0.0918363,0.08077216
0.07238148,0.0888828,0.09080909
0.06579079,0.05981421,0.06988344
0.06797004,0.05957287,0.09701752
0.09458256,-0.02782536,0.07890613
0.06117022,0.07190631,0.07025293
0.08012821,0.08773731,0.1053608
0.0882034,0.07100567,0.1089998
0.06496046,0.06522206,0.0789455
0.08638985,0.06759472,0.10612
0.08410393,0.07172642,0.09396178
0.06608002,0.05886509,0.09255835
0.0828853,-0.08376965,0.06566677
0.09167506,-0.08486082,0.07494805
0.07874133,0.0867948,0.09444492
0.09326147,-0.06603993,0.08956445
0.06485346,0.04856994,0.07321884
0.09512748,-0.02342573,0.07851132
0.06587435,0.08713511,0.08069103
0.07461829,0.07183024,0.0804138
0.09774689,-0.03991951,0.08726255
0.06465758,0.0641235,0.06998851
0.06591985,0.07228014,0.0747729
0.09489572,-0.07172449,0.08801188
0.09303363,-0.03412971,0.08993728
0.09491223,-0.01172086,0.08908027
0.09505562,-0.006602701,0.08904244
0.0757591,0.07623038,0.09214515
0.07752693,0.09126904,0.09542248
0.07403378,0.05930996,0.07828011
0.07271175,0.07542342,0.08207494
0.06588797,0.09190272,0.0808308
0.07228953,0.08888555,0.09080257
0.06570408,0.05981882,0.06987044
0.06788602,0.05957346,0.09700247
0.09449053,-0.02782397,0.07888686
0.06116839,0.07192135,0.07022216
0.08012649,0.08774777,0.1053317
0.08819894,0.07101602,0.1089708
0.06500083,0.06523997,0.07891966
0.08638754,0.06760514,0.1060891
0.08410202,0.07173817,0.09393144
0.06608157,0.05887737,0.09252381
0.08288053,-0.08375186,0.06562032
0.09154539,-0.08472003,0.07488767
0.07873581,0.0868616,0.09446914
0.09326148,-0.06602195,0.08951667
0.06484912,0.04858476,0.07318658
0.09512877,-0.02340909,0.07846881
0.0658347,0.08706154,0.08070392
0.07455552,0.07176338,0.0803567
0.09771818,-0.0399386,0.08723828
0.06464618,0.06413946,0.06996106
0.06591605,0.0722948,0.07474319
0.0948976,-0.07170473,0.08796242
0.09303659,-0.03411265,0.08989161
0.09491058,-0.01170679,0.0890402
0.09505764,-0.006587822,0.08900082
0.07569626,0.0761912,0.09208071
0.07754502,0.0912758,0.09538247
0.07407476,0.05932764,0.07825381
0.07275312,0.07544066,0.08205035
0.06592666,0.09192094,0.08080921
0.0722018,0.08885916,0.09066753
0.06566826,0.05977042,0.06986721
0.06781682,0.05949935,0.09691501
0.09442766,-0.02779817,0.07881483
0.06115285,0.07193342,0.07019798
0.08011265,0.0877552,0.1053086
0.08818331,0.07102311,0.1089465
0.06501779,0.06525398,0.07888068
0.08637457,0.06761228,0.1060626
0.08408733,0.07174683,0.09390667
0.06607535,0.0588863,0.09249298
0.08286165,-0.08373632,0.06557864
0.09161773,-0.0847013,0.07481486
0.07881609,0.08687811,0.09441805
0.09325072,-0.06600524,0.08947178
0.06483091,0.04859662,0.0731607
0.09511492,-0.02339606,0.07843153
0.06591393,0.08708054,0.08065318
0.07463515,0.07178192,0.08030361
0.09779394,-0.03992106,0.08717046
0.06461465,0.06415302,0.06994272
0.06589715,0.07230671,0.07472055
0.09488833,-0.07168626,0.08791592
0.09302737,-0.03409811,0.08984981
0.09489731,-0.01169541,0.08900376
0.09504767,-0.006575726,0.08896299
0.07577385,0.07620849,0.09202944
0.07755928,0.09127744,0.09534324
0.07409209,0.05934136,0.07821383
0.07277173,0.07545387,0.08201198
0.06593366,0.09193748,0.08077864
0.06752166,0.05302031,0.07723338
0.07227902,0.08887711,0.0906183
0.09815505,-0.02758629,0.08694059
0.06574571,0.05979076,0.06981324
0.0678973,0.05951583,0.0968595
0.09450382,-0.02777956,0.07874869
0.06110334,0.07189155,0.07018354
0.08003798,0.08765972,0.1052871
0.08807798,0.07096548,0.1088492
0.06499749,0.06526353,0.0788545
0.08630863,0.0675899,0.1060124
0.08401446,0.07173191,0.09383906
0.06595403,0.05901695,0.09227444
0.08269385,-0.08348519,0.06560287
0.09163363,-0.08468847,0.0747619
0.07883032,0.08689111,0.09437458
0.09309386,-0.06575249,0.08946315
0.06481697,0.04864146,0.07320463
0.09505171,-0.02323018,0.07846145
0.06592704,0.08709404,0.0806104
0.0746486,0.07179549,0.08025955
0.09781218,-0.0399073,0.08711822
0.06457117,0.06422745,0.06988753
0.06585017,0.07223593,0.07473399
0.0947374,-0.07149842,0.08785395
0.09294747,-0.03386478,0.08988948
0.09479554,-0.01157716,0.08890739
0.09499127,-0.006460421,0.0889478
0.07578869,0.0762214,0.09198523
0.07748707,0.09132767,0.0952253
0.07407197,0.05935114,0.07818686
0.07274972,0.07546356,0.08198672
0.06589553,0.09195085,0.08076212
0.06753661,0.05303364,0.07718804
0.07228737,0.08889148,0.09057831
0.09817326,-0.02757247,0.08688883
0.06575821,0.05980463,0.06976908
0.06792235,0.05952745,0.0968094
0.09452198,-0.02776523,0.07869689
0.06119743,0.07191872,0.07008906
0.0801353,0.08768415,0.1051921
0.0881758,0.07098962,0.1087518
0.0649294,0.06530918,0.07875869
0.08640638,0.06761423,0.1059148
0.08411138,0.07175709,0.09374173
0.06605002,0.05904239,0.09217855
0.08278555,-0.08345751,0.06549402
0.09160338,-0.08467808,0.07470021
0.07880105,0.08690236,0.09432696
0.09318893,-0.06572646,0.08935426
0.06491131,0.0486685,0.07310779
0.09514587,-0.0232033,0.07835567
0.0658979,0.08710581,0.0805629
0.07462014,0.07180704,0.08020979
0.097785,-0.03989663,0.08705814
0.06466509,0.0642547,0.06979205
0.06594455,0.07226277,0.07463905
0.09483087,-0.0714732,0.08774519
0.09304281,-0.03383886,0.08978309
0.0948908,-0.01155125,0.08880262
0.09508654,-0.006434552,0.08884341
0.07575494,0.07623325,0.09193945
0.07758325,0.09135292,0.09513083
0.07399039,0.05942015,0.0780496
0.07263814,0.07543252,0.0818305
0.06576586,0.09173302,0.08071974
0.06750932,0.05304514,0.07713692
0.07225065,0.08890463,0.09053516
0.09814665,-0.02756159,0.08682923
0.06572807,0.05981681,0.06971952
0.06790523,0.05953697,0.09675415
0.09449445,-0.0277538,0.0786377
0.06123714,0.07192761,0.07002582
0.08018039,0.08769215,0.105126
0.08822025,0.07099797,0.108685
0.06506902,0.06532292,0.07864758
0.08645083,0.06762257,0.105848
0.08415358,0.0717658,0.09367578
0.06609356,0.05905086,0.09211379
0.08282442,-0.083448,0.06542563
0.09154446,-0.08463692,0.07471497
0.0786477,0.08674237,0.09419814
0.09323062,-0.06571753,0.08928487
0.06495154,0.0486775,0.07304364
0.0951874,-0.02319367,0.07828613
0.06584522,0.08705318,0.08057406
0.07459582,0.07172617,0.08028322
0.09769438,-0.03978086,0.08705644
0.06598419,0.07227168,0.07457548
0.09487182,-0.07146458,0.08767589
0.09308614,-0.03382919,0.0897133
0.09493208,-0.01154238,0.08873414
0.09513035,-0.006424926,0.08877348
0.07565059,0.07611316,0.09186766
0.07762875,0.09136067,0.09506419
0.07413049,0.05943396,0.0779369
0.06590404,0.09174705,0.08060989
0.06747077,0.05300662,0.07716136
0.07220615,0.08884399,0.09057074
0.09806727,-0.02746603,0.08681772
0.06568298,0.05976462,0.06974199
0.06785642,0.05954921,0.09673356
0.09447014,-0.02769775,0.07871184
0.06121598,0.07192944,0.07000414
0.08017258,0.08769046,0.1050964
0.08820561,0.07099795,0.1086583
0.06509781,0.06532802,0.07859531
0.08643778,0.06762248,0.10582
0.08413608,0.07176647,0.0936503
0.066083,0.05905139,0.09208658
0.08280556,-0.08344089,0.06539314
0.09164236,-0.08462165,0.07459812
0.07875143,0.08675362,0.09409078
0.09321332,-0.06571316,0.08925162
0.06493412,0.04867927,0.07301898
0.095166,-0.02319141,0.07825612
0.06594713,0.08706512,0.08046891
0.07469581,0.07173842,0.08017672
0.09779115,-0.03976928,0.0869425
0.06596427,0.0722732,0.07455283
0.09485367,-0.0714603,0.08764251
0.09307642,-0.03382272,0.08967692
0.09491277,-0.01154054,0.08870416
0.09512299,-0.006419737,0.08873645
0.0757446,0.07612624,0.09176552
0.07763013,0.0913565,0.09502964
0.07415886,0.05943902,0.07788306
0.06593125,0.09175223,0.08055956
0.07230619,0.08885622,0.09046639
0.09816411,-0.02745449,0.08670435
0.06577802,0.05977779,0.06963786
0.06795208,0.05956154,0.09663137
0.09456314,-0.02768677,0.07860035
0.08046475,0.08792638,0.10528
0.08850583,0.07110003,0.1088779
0.08670048,0.06775629,0.1059766
0.06507351,0.04908032,0.07309892
0.09543064,-0.02339582,0.07829136
0.06587517,0.08712454,0.08047255
0.07462099,0.07179588,0.08016313
0.06614879,0.07261516,0.07470443
0.09340513,-0.03408925,0.08980224
0.09538685,-0.006507862,0.08893473
0.0778375,0.09143924,0.09526494
0.07414852,0.05950093,0.07781779
0.06591731,0.09183173,0.08052396
0.07216458,0.0889283,0.09051086
0.06563325,0.05984347,0.06964722
0.06789124,0.05960423,0.09662087
0.09449045,-0.02765498,0.07849994
0.06065561,0.07236577,0.07027202
0.07967994,0.08782246,0.1053978
0.08773856,0.0709981,0.1089841
0.06523234,0.06529081,0.07868128
0.08593865,0.06765348,0.1060797
0.08371925,0.07189466,0.09415853
0.07874179,0.08686973,0.09403933
0.07473993,0.07184809,0.0800769
0.06537172,0.07250877,0.07481864
0.09461544,-0.07172687,0.08804149
0.09270389,-0.03417815,0.08987307
0.09450431,-0.01171464,0.08912187
0.09466542,-0.006598696,0.08901448
0.07563862,0.07625417,0.09176106
0.07706808,0.09133124,0.0953725
0.07424547,0.05961556,0.0780152
0.06591624,0.09167709,0.08054915
0.0722788,0.08897632,0.09042837
0.0656846,0.05990171,0.06959156
0.06803979,0.05965076,0.09651954
0.08777554,0.07103877,0.1089794
0.0859804,0.06769246,0.1060717
0.06575756,0.08679716,0.08012243
0.0745789,0.07145473,0.07992129
0.0653984,0.07254498,0.07481201
0.09453464,-0.01169358,0.0891287
0.09470566,-0.006573342,0.08901456
0.07705455,0.09138438,0.09539124
0.06561884,0.05953229,0.06969371
0.0858923,0.0677226,0.1060881
0.06661953,0.08695602,0.07991384
0.0754468,0.07161284,0.07970677
0.09456749,-0.006570645,0.08906619
0.06135462,0.07174449,0.06986947
0.08818947,0.0707726,0.1082704
0.08639048,0.06756571,0.105266
0.08422519,0.07146157,0.09348763
0.067076,0.0870112,0.07960683
0.07591958,0.07166003,0.07939593
0.06594306,0.07205058,0.07424094
0.09279262,-0.03343335,0.08950548
0.09484263,-0.01119111,0.08859471
0.09510501,-0.006181281,0.08845214
0.07735471,0.09105073,0.09485532
0.06157999,0.07176185,0.06974717
0.08841614,0.07079064,0.1081474
0.06602864,0.06482447,0.07839923
0.08661667,0.06758375,0.1051434
0.08445068,0.07147931,0.09336531
0.07968484,0.0859436,0.09338808
0.06701571,0.08670329,0.07955371
0.07584099,0.07137127,0.07925579
0.06616978,0.07206779,0.07411807
0.09301065,-0.03341834,0.08939024
0.09506556,-0.01117419,0.08847596
0.09532623,-0.006164886,0.08833431
0.07758111,0.09106861,0.09473199
0.06156808,0.07175946,0.06970964
0.0884013,0.07079349,0.1081135
0.06602971,0.06482761,0.07836276
0.08660114,0.06758624,0.1051102
0.08443713,0.0714806,0.09332959
0.07970507,0.08596496,0.09335928
0.06703573,0.08672221,0.07952434
0.07586281,0.07139057,0.07922757
0.06615633,0.07206629,0.07408127
0.09299846,-0.03342397,0.08936555
0.09506004,-0.01117518,0.08844467
0.09531626,-0.00616689,0.08830508
0.07755162,0.09107383,0.09470335
0.06166494,0.07181403,0.0699465
0.08855039,0.07090572,0.1083299
0.0659811,0.06483772,0.0783486
0.08675101,0.06766042,0.1053398
0.08453065,0.07156196,0.09348185
0.07959995,0.085976,0.09336258
0.06694497,0.08672598,0.07951958
0.07576223,0.07139789,0.07922995
0.06623562,0.07208617,0.07427629
0.09305061,-0.03329851,0.08954603
0.09509048,-0.01112647,0.0884965
0.09531978,-0.006037217,0.08836407
0.07767445,0.09117127,0.09495404
0.06177486,0.07188968,0.06994528
0.0886731,0.07099045,0.1083188
0.06591435,0.06492466,0.07869724
0.08687183,0.06774487,0.1053315
0.08465411,0.07164118,0.09347274
0.07933079,0.08594382,0.09341164
0.06671515,0.08668219,0.07954749
0.0754734,0.07136301,0.07929063
0.06635264,0.0721618,0.07427201
0.07783639,0.09124136,0.09491548
0.06641562,0.08654395,0.07922278
0.07516424,0.07152857,0.07901318
0.07210194,0.08841963,0.09000193
0.07196236,0.08820921,0.09008761
0.07177509,0.08821595,0.09018079
0.07766335,0.08585206,0.09256867
0.06521091,0.08637744,0.07887834
0.07399075,0.07139784,0.07872174
0.06726213,0.05307918,0.07541192
0.07127751,0.08827704,0.08968653
0.06522858,0.05968628,0.06873482
0.06735769,0.05920241,0.09442768
0.07753479,0.08587042,0.09266204
0.06509407,0.08639129,0.07896442
0.07386625,0.07141382,0.07881242
0.06713526,0.05309266,0.07550439
0.07114029,0.08829629,0.08978353
0.06509458,0.05970055,0.0688289
0.06724104,0.0592158,0.0945167
0.07746336,0.08586125,0.09269059
0.065035,0.08637886,0.07898661
0.07380399,0.07140363,0.07883687
0.06707427,0.05308226,0.07552838
0.0710739,0.08828547,0.08980897
0.06503886,0.05968964,0.06885078
0.06719115,0.05920383,0.09453369
0.07741061,0.08552922,0.09278365
0.0649467,0.08587807,0.0790362
0.07375431,0.0710744,0.07888146
0.06704403,0.05279957,0.07550199
0.07121733,0.08791634,0.09017273
0.06505018,0.05935745,0.06892231
0.06713015,0.05877814,0.09445277
0.07771634,0.08561495,0.09267163
0.0652405,0.08596639,0.07892887
0.07405692,0.07115958,0.07877056
0.06733729,0.05288463,0.07539516
0.07151192,0.08800481,0.09006628
0.06534691,0.05944271,0.06881335
0.06743456,0.05886379,0.0943414
0.07434686,0.07121157,0.07863151
0.06776622,0.05293149,0.07519195
0.06787008,0.05291847,0.07515848
0.08942548,0.06105366,0.102426
-0.3425145,-0.009223543,1.978546
